2025-07-22 20:13:29,815 - MedicalClassifier_llama-2-13b-chat-hf_biomedical_base_direct - INFO - 开始运行评估实验...
2025-07-22 20:13:29,815 - MedicalClassifier_llama-2-13b-chat-hf_biomedical_base_direct - INFO - 实验配置:
2025-07-22 20:13:29,815 - MedicalClassifier_llama-2-13b-chat-hf_biomedical_base_direct - INFO -   - 基础模型: /mnt/data1/FT/inspire_data_prep/models/ydyajyA/Llama-2-13b-chat-hf
2025-07-22 20:13:29,815 - MedicalClassifier_llama-2-13b-chat-hf_biomedical_base_direct - INFO -   - 使用LoRA: False
2025-07-22 20:13:29,815 - MedicalClassifier_llama-2-13b-chat-hf_biomedical_base_direct - INFO -   - 数据集: biomedical
2025-07-22 20:13:29,815 - MedicalClassifier_llama-2-13b-chat-hf_biomedical_base_direct - INFO -   - 数据路径: /mnt/data1/TC/TextClassDemo/data/Biomedical/Biomedical_Test_Cxx.json
2025-07-22 20:13:29,815 - MedicalClassifier_llama-2-13b-chat-hf_biomedical_base_direct - INFO - ================================================================================
2025-07-22 20:13:29,815 - MedicalClassifier_llama-2-13b-chat-hf_biomedical_base_direct - INFO - 开始加载模型和tokenizer...
2025-07-22 20:13:29,815 - MedicalClassifier_llama-2-13b-chat-hf_biomedical_base_direct - INFO - 基础模型路径: /mnt/data1/FT/inspire_data_prep/models/ydyajyA/Llama-2-13b-chat-hf
2025-07-22 20:13:29,815 - MedicalClassifier_llama-2-13b-chat-hf_biomedical_base_direct - INFO - 是否使用LoRA: False
2025-07-22 20:13:29,816 - MedicalClassifier_llama-2-13b-chat-hf_biomedical_base_direct - INFO - ================================================================================
2025-07-22 20:13:29,816 - MedicalClassifier_llama-2-13b-chat-hf_biomedical_base_direct - INFO - 正在加载tokenizer: /mnt/data1/FT/inspire_data_prep/models/ydyajyA/Llama-2-13b-chat-hf
2025-07-22 20:13:30,095 - MedicalClassifier_llama-2-13b-chat-hf_biomedical_base_direct - INFO - Tokenizer加载完成
2025-07-22 20:13:30,095 - MedicalClassifier_llama-2-13b-chat-hf_biomedical_base_direct - INFO - Chat template: {% if messages[0]['role'] == 'system' %}{% set loop_messages = messages[1:] %}{% set system_message = messages[0]['content'] %}{% else %}{% set loop_messages = messages %}{% set system_message = false %}{% endif %}{% for message in loop_messages %}{% if (message['role'] == 'user') != (loop.index0 % 2 == 0) %}{{ raise_exception('Conversation roles must alternate user/assistant/user/assistant/...') }}{% endif %}{% if loop.index0 == 0 and system_message != false %}{% set content = '<<SYS>>\n' + system_message + '\n<</SYS>>\n\n' + message['content'] %}{% else %}{% set content = message['content'] %}{% endif %}{% if message['role'] == 'user' %}{{ bos_token + '[INST] ' + content.strip() + ' [/INST]' }}{% elif message['role'] == 'assistant' %}{{ ' '  + content.strip() + ' ' + eos_token }}{% endif %}{% endfor %}
2025-07-22 20:13:30,095 - MedicalClassifier_llama-2-13b-chat-hf_biomedical_base_direct - INFO - 检测到Llama模型，使用chat_template
2025-07-22 20:13:30,095 - MedicalClassifier_llama-2-13b-chat-hf_biomedical_base_direct - INFO - 模板策略: chat_template
2025-07-22 20:13:30,096 - MedicalClassifier_llama-2-13b-chat-hf_biomedical_base_direct - INFO - 正在加载基础模型: /mnt/data1/FT/inspire_data_prep/models/ydyajyA/Llama-2-13b-chat-hf
2025-07-22 20:13:57,285 - MedicalClassifier_llama-2-13b-chat-hf_biomedical_base_direct - INFO - 基础模型加载完成
2025-07-22 20:13:57,286 - MedicalClassifier_llama-2-13b-chat-hf_biomedical_base_direct - INFO - 使用基础模型，不加载LoRA适配器
2025-07-22 20:13:57,289 - MedicalClassifier_llama-2-13b-chat-hf_biomedical_base_direct - INFO - ================================================================================
2025-07-22 20:13:57,289 - MedicalClassifier_llama-2-13b-chat-hf_biomedical_base_direct - INFO - 模型加载完成！
2025-07-22 20:13:57,289 - MedicalClassifier_llama-2-13b-chat-hf_biomedical_base_direct - INFO - 最终使用的模型: 基础模型
2025-07-22 20:13:57,289 - MedicalClassifier_llama-2-13b-chat-hf_biomedical_base_direct - INFO - 模型路径: /mnt/data1/FT/inspire_data_prep/models/ydyajyA/Llama-2-13b-chat-hf
2025-07-22 20:13:57,289 - MedicalClassifier_llama-2-13b-chat-hf_biomedical_base_direct - INFO - 模板策略: chat_template
2025-07-22 20:13:57,289 - MedicalClassifier_llama-2-13b-chat-hf_biomedical_base_direct - INFO - ================================================================================
2025-07-22 20:13:57,289 - MedicalClassifier_llama-2-13b-chat-hf_biomedical_base_direct - INFO - 加载数据集: /mnt/data1/TC/TextClassDemo/data/Biomedical/Biomedical_Test_Cxx.json
2025-07-22 20:13:57,344 - MedicalClassifier_llama-2-13b-chat-hf_biomedical_base_direct - INFO - 使用单一推理模式
2025-07-22 20:13:57,344 - MedicalClassifier_llama-2-13b-chat-hf_biomedical_base_direct - INFO - 开始批量推理...
2025-07-22 20:15:01,684 - MedicalClassifier_llama-2-13b-chat-hf_biomedical_base_direct - INFO - 开始运行评估实验...
2025-07-22 20:15:01,685 - MedicalClassifier_llama-2-13b-chat-hf_biomedical_base_direct - INFO - 实验配置:
2025-07-22 20:15:01,685 - MedicalClassifier_llama-2-13b-chat-hf_biomedical_base_direct - INFO -   - 基础模型: /mnt/data1/FT/inspire_data_prep/models/ydyajyA/Llama-2-13b-chat-hf
2025-07-22 20:15:01,685 - MedicalClassifier_llama-2-13b-chat-hf_biomedical_base_direct - INFO -   - 使用LoRA: False
2025-07-22 20:15:01,685 - MedicalClassifier_llama-2-13b-chat-hf_biomedical_base_direct - INFO -   - 数据集: biomedical
2025-07-22 20:15:01,685 - MedicalClassifier_llama-2-13b-chat-hf_biomedical_base_direct - INFO -   - 数据路径: /mnt/data1/TC/TextClassDemo/data/Biomedical/Biomedical_Test_Cxx.json
2025-07-22 20:15:01,685 - MedicalClassifier_llama-2-13b-chat-hf_biomedical_base_direct - INFO - ================================================================================
2025-07-22 20:15:01,685 - MedicalClassifier_llama-2-13b-chat-hf_biomedical_base_direct - INFO - 开始加载模型和tokenizer...
2025-07-22 20:15:01,685 - MedicalClassifier_llama-2-13b-chat-hf_biomedical_base_direct - INFO - 基础模型路径: /mnt/data1/FT/inspire_data_prep/models/ydyajyA/Llama-2-13b-chat-hf
2025-07-22 20:15:01,685 - MedicalClassifier_llama-2-13b-chat-hf_biomedical_base_direct - INFO - 是否使用LoRA: False
2025-07-22 20:15:01,685 - MedicalClassifier_llama-2-13b-chat-hf_biomedical_base_direct - INFO - ================================================================================
2025-07-22 20:15:01,685 - MedicalClassifier_llama-2-13b-chat-hf_biomedical_base_direct - INFO - 正在加载tokenizer: /mnt/data1/FT/inspire_data_prep/models/ydyajyA/Llama-2-13b-chat-hf
2025-07-22 20:15:02,010 - MedicalClassifier_llama-2-13b-chat-hf_biomedical_base_direct - INFO - Tokenizer加载完成
2025-07-22 20:15:02,010 - MedicalClassifier_llama-2-13b-chat-hf_biomedical_base_direct - INFO - Chat template: {% if messages[0]['role'] == 'system' %}{% set loop_messages = messages[1:] %}{% set system_message = messages[0]['content'] %}{% else %}{% set loop_messages = messages %}{% set system_message = false %}{% endif %}{% for message in loop_messages %}{% if (message['role'] == 'user') != (loop.index0 % 2 == 0) %}{{ raise_exception('Conversation roles must alternate user/assistant/user/assistant/...') }}{% endif %}{% if loop.index0 == 0 and system_message != false %}{% set content = '<<SYS>>\n' + system_message + '\n<</SYS>>\n\n' + message['content'] %}{% else %}{% set content = message['content'] %}{% endif %}{% if message['role'] == 'user' %}{{ bos_token + '[INST] ' + content.strip() + ' [/INST]' }}{% elif message['role'] == 'assistant' %}{{ ' '  + content.strip() + ' ' + eos_token }}{% endif %}{% endfor %}
2025-07-22 20:15:02,010 - MedicalClassifier_llama-2-13b-chat-hf_biomedical_base_direct - INFO - 检测到Llama模型，使用chat_template
2025-07-22 20:15:02,010 - MedicalClassifier_llama-2-13b-chat-hf_biomedical_base_direct - INFO - 模板策略: chat_template
2025-07-22 20:15:02,010 - MedicalClassifier_llama-2-13b-chat-hf_biomedical_base_direct - INFO - 正在加载基础模型: /mnt/data1/FT/inspire_data_prep/models/ydyajyA/Llama-2-13b-chat-hf
2025-07-22 20:15:17,140 - MedicalClassifier_llama-2-13b-chat-hf_biomedical_base_direct - INFO - 基础模型加载完成
2025-07-22 20:15:17,140 - MedicalClassifier_llama-2-13b-chat-hf_biomedical_base_direct - INFO - 使用基础模型，不加载LoRA适配器
2025-07-22 20:15:17,143 - MedicalClassifier_llama-2-13b-chat-hf_biomedical_base_direct - INFO - ================================================================================
2025-07-22 20:15:17,144 - MedicalClassifier_llama-2-13b-chat-hf_biomedical_base_direct - INFO - 模型加载完成！
2025-07-22 20:15:17,144 - MedicalClassifier_llama-2-13b-chat-hf_biomedical_base_direct - INFO - 最终使用的模型: 基础模型
2025-07-22 20:15:17,144 - MedicalClassifier_llama-2-13b-chat-hf_biomedical_base_direct - INFO - 模型路径: /mnt/data1/FT/inspire_data_prep/models/ydyajyA/Llama-2-13b-chat-hf
2025-07-22 20:15:17,144 - MedicalClassifier_llama-2-13b-chat-hf_biomedical_base_direct - INFO - 模板策略: chat_template
2025-07-22 20:15:17,144 - MedicalClassifier_llama-2-13b-chat-hf_biomedical_base_direct - INFO - ================================================================================
2025-07-22 20:15:17,144 - MedicalClassifier_llama-2-13b-chat-hf_biomedical_base_direct - INFO - 加载数据集: /mnt/data1/TC/TextClassDemo/data/Biomedical/Biomedical_Test_Cxx.json
2025-07-22 20:15:17,202 - MedicalClassifier_llama-2-13b-chat-hf_biomedical_base_direct - INFO - 使用单一推理模式
2025-07-22 20:15:17,202 - MedicalClassifier_llama-2-13b-chat-hf_biomedical_base_direct - INFO - 开始批量推理...
2025-07-22 20:18:54,421 - MedicalClassifier_llama-2-13b-chat-hf_biomedical_base_direct - INFO - 开始运行评估实验...
2025-07-22 20:18:54,421 - MedicalClassifier_llama-2-13b-chat-hf_biomedical_base_direct - INFO - 实验配置:
2025-07-22 20:18:54,421 - MedicalClassifier_llama-2-13b-chat-hf_biomedical_base_direct - INFO -   - 基础模型: /mnt/data1/FT/inspire_data_prep/models/ydyajyA/Llama-2-13b-chat-hf
2025-07-22 20:18:54,421 - MedicalClassifier_llama-2-13b-chat-hf_biomedical_base_direct - INFO -   - 使用LoRA: False
2025-07-22 20:18:54,421 - MedicalClassifier_llama-2-13b-chat-hf_biomedical_base_direct - INFO -   - 数据集: biomedical
2025-07-22 20:18:54,422 - MedicalClassifier_llama-2-13b-chat-hf_biomedical_base_direct - INFO -   - 数据路径: /mnt/data1/TC/TextClassDemo/data/Biomedical/Biomedical_Test_Cxx.json
2025-07-22 20:18:54,422 - MedicalClassifier_llama-2-13b-chat-hf_biomedical_base_direct - INFO - ================================================================================
2025-07-22 20:18:54,422 - MedicalClassifier_llama-2-13b-chat-hf_biomedical_base_direct - INFO - 开始加载模型和tokenizer...
2025-07-22 20:18:54,422 - MedicalClassifier_llama-2-13b-chat-hf_biomedical_base_direct - INFO - 基础模型路径: /mnt/data1/FT/inspire_data_prep/models/ydyajyA/Llama-2-13b-chat-hf
2025-07-22 20:18:54,422 - MedicalClassifier_llama-2-13b-chat-hf_biomedical_base_direct - INFO - 是否使用LoRA: False
2025-07-22 20:18:54,422 - MedicalClassifier_llama-2-13b-chat-hf_biomedical_base_direct - INFO - ================================================================================
2025-07-22 20:18:54,422 - MedicalClassifier_llama-2-13b-chat-hf_biomedical_base_direct - INFO - 正在加载tokenizer: /mnt/data1/FT/inspire_data_prep/models/ydyajyA/Llama-2-13b-chat-hf
2025-07-22 20:18:54,698 - MedicalClassifier_llama-2-13b-chat-hf_biomedical_base_direct - INFO - Tokenizer加载完成
2025-07-22 20:18:54,699 - MedicalClassifier_llama-2-13b-chat-hf_biomedical_base_direct - INFO - Chat template: {% if messages[0]['role'] == 'system' %}{% set loop_messages = messages[1:] %}{% set system_message = messages[0]['content'] %}{% else %}{% set loop_messages = messages %}{% set system_message = false %}{% endif %}{% for message in loop_messages %}{% if (message['role'] == 'user') != (loop.index0 % 2 == 0) %}{{ raise_exception('Conversation roles must alternate user/assistant/user/assistant/...') }}{% endif %}{% if loop.index0 == 0 and system_message != false %}{% set content = '<<SYS>>\n' + system_message + '\n<</SYS>>\n\n' + message['content'] %}{% else %}{% set content = message['content'] %}{% endif %}{% if message['role'] == 'user' %}{{ bos_token + '[INST] ' + content.strip() + ' [/INST]' }}{% elif message['role'] == 'assistant' %}{{ ' '  + content.strip() + ' ' + eos_token }}{% endif %}{% endfor %}
2025-07-22 20:18:54,699 - MedicalClassifier_llama-2-13b-chat-hf_biomedical_base_direct - INFO - 检测到Llama模型，使用chat_template
2025-07-22 20:18:54,699 - MedicalClassifier_llama-2-13b-chat-hf_biomedical_base_direct - INFO - 模板策略: chat_template
2025-07-22 20:18:54,699 - MedicalClassifier_llama-2-13b-chat-hf_biomedical_base_direct - INFO - 正在加载基础模型: /mnt/data1/FT/inspire_data_prep/models/ydyajyA/Llama-2-13b-chat-hf
2025-07-22 20:19:08,030 - MedicalClassifier_llama-2-13b-chat-hf_biomedical_base_direct - INFO - 基础模型加载完成
2025-07-22 20:19:08,031 - MedicalClassifier_llama-2-13b-chat-hf_biomedical_base_direct - INFO - 使用基础模型，不加载LoRA适配器
2025-07-22 20:19:08,033 - MedicalClassifier_llama-2-13b-chat-hf_biomedical_base_direct - INFO - ================================================================================
2025-07-22 20:19:08,033 - MedicalClassifier_llama-2-13b-chat-hf_biomedical_base_direct - INFO - 模型加载完成！
2025-07-22 20:19:08,033 - MedicalClassifier_llama-2-13b-chat-hf_biomedical_base_direct - INFO - 最终使用的模型: 基础模型
2025-07-22 20:19:08,033 - MedicalClassifier_llama-2-13b-chat-hf_biomedical_base_direct - INFO - 模型路径: /mnt/data1/FT/inspire_data_prep/models/ydyajyA/Llama-2-13b-chat-hf
2025-07-22 20:19:08,033 - MedicalClassifier_llama-2-13b-chat-hf_biomedical_base_direct - INFO - 模板策略: chat_template
2025-07-22 20:19:08,033 - MedicalClassifier_llama-2-13b-chat-hf_biomedical_base_direct - INFO - ================================================================================
2025-07-22 20:19:08,033 - MedicalClassifier_llama-2-13b-chat-hf_biomedical_base_direct - INFO - 加载数据集: /mnt/data1/TC/TextClassDemo/data/Biomedical/Biomedical_Test_Cxx.json
2025-07-22 20:19:08,074 - MedicalClassifier_llama-2-13b-chat-hf_biomedical_base_direct - INFO - 使用单一推理模式
2025-07-22 20:19:08,074 - MedicalClassifier_llama-2-13b-chat-hf_biomedical_base_direct - INFO - 开始批量推理...
2025-07-22 20:38:16,116 - MedicalClassifier_llama-2-13b-chat-hf_biomedical_base_direct - INFO - 开始运行评估实验...
2025-07-22 20:38:16,116 - MedicalClassifier_llama-2-13b-chat-hf_biomedical_base_direct - INFO - 实验配置:
2025-07-22 20:38:16,116 - MedicalClassifier_llama-2-13b-chat-hf_biomedical_base_direct - INFO -   - 基础模型: /mnt/data1/FT/inspire_data_prep/models/ydyajyA/Llama-2-13b-chat-hf
2025-07-22 20:38:16,116 - MedicalClassifier_llama-2-13b-chat-hf_biomedical_base_direct - INFO -   - 使用LoRA: False
2025-07-22 20:38:16,116 - MedicalClassifier_llama-2-13b-chat-hf_biomedical_base_direct - INFO -   - 数据集: biomedical
2025-07-22 20:38:16,116 - MedicalClassifier_llama-2-13b-chat-hf_biomedical_base_direct - INFO -   - 数据路径: /mnt/data1/TC/TextClassDemo/data/Biomedical/Biomedical_Test_Cxx.json
2025-07-22 20:38:16,116 - MedicalClassifier_llama-2-13b-chat-hf_biomedical_base_direct - INFO - ================================================================================
2025-07-22 20:38:16,116 - MedicalClassifier_llama-2-13b-chat-hf_biomedical_base_direct - INFO - 开始加载模型和tokenizer...
2025-07-22 20:38:16,116 - MedicalClassifier_llama-2-13b-chat-hf_biomedical_base_direct - INFO - 基础模型路径: /mnt/data1/FT/inspire_data_prep/models/ydyajyA/Llama-2-13b-chat-hf
2025-07-22 20:38:16,116 - MedicalClassifier_llama-2-13b-chat-hf_biomedical_base_direct - INFO - 是否使用LoRA: False
2025-07-22 20:38:16,116 - MedicalClassifier_llama-2-13b-chat-hf_biomedical_base_direct - INFO - ================================================================================
2025-07-22 20:38:16,116 - MedicalClassifier_llama-2-13b-chat-hf_biomedical_base_direct - INFO - 非70B模型，当前为多进程，采用数据并行（device_map=None）
2025-07-22 20:38:16,116 - MedicalClassifier_llama-2-13b-chat-hf_biomedical_base_direct - INFO - 正在加载tokenizer: /mnt/data1/FT/inspire_data_prep/models/ydyajyA/Llama-2-13b-chat-hf
2025-07-22 20:38:16,304 - MedicalClassifier_llama-2-13b-chat-hf_biomedical_base_direct - INFO - Tokenizer加载完成
2025-07-22 20:38:16,304 - MedicalClassifier_llama-2-13b-chat-hf_biomedical_base_direct - INFO - Chat template: {% if messages[0]['role'] == 'system' %}{% set loop_messages = messages[1:] %}{% set system_message = messages[0]['content'] %}{% else %}{% set loop_messages = messages %}{% set system_message = false %}{% endif %}{% for message in loop_messages %}{% if (message['role'] == 'user') != (loop.index0 % 2 == 0) %}{{ raise_exception('Conversation roles must alternate user/assistant/user/assistant/...') }}{% endif %}{% if loop.index0 == 0 and system_message != false %}{% set content = '<<SYS>>\n' + system_message + '\n<</SYS>>\n\n' + message['content'] %}{% else %}{% set content = message['content'] %}{% endif %}{% if message['role'] == 'user' %}{{ bos_token + '[INST] ' + content.strip() + ' [/INST]' }}{% elif message['role'] == 'assistant' %}{{ ' '  + content.strip() + ' ' + eos_token }}{% endif %}{% endfor %}
2025-07-22 20:38:16,304 - MedicalClassifier_llama-2-13b-chat-hf_biomedical_base_direct - INFO - 检测到Llama模型，使用chat_template
2025-07-22 20:38:16,304 - MedicalClassifier_llama-2-13b-chat-hf_biomedical_base_direct - INFO - 模板策略: chat_template
2025-07-22 20:38:16,304 - MedicalClassifier_llama-2-13b-chat-hf_biomedical_base_direct - INFO - 正在加载基础模型: /mnt/data1/FT/inspire_data_prep/models/ydyajyA/Llama-2-13b-chat-hf
2025-07-22 20:38:16,607 - MedicalClassifier_llama-2-13b-chat-hf_biomedical_base_direct - INFO - 基础模型加载完成
2025-07-22 20:38:16,608 - MedicalClassifier_llama-2-13b-chat-hf_biomedical_base_direct - INFO - 使用基础模型，不加载LoRA适配器
2025-07-22 20:38:16,609 - MedicalClassifier_llama-2-13b-chat-hf_biomedical_base_direct - INFO - ================================================================================
2025-07-22 20:38:16,609 - MedicalClassifier_llama-2-13b-chat-hf_biomedical_base_direct - INFO - 模型加载完成！
2025-07-22 20:38:16,609 - MedicalClassifier_llama-2-13b-chat-hf_biomedical_base_direct - INFO - 最终使用的模型: 基础模型
2025-07-22 20:38:16,609 - MedicalClassifier_llama-2-13b-chat-hf_biomedical_base_direct - INFO - 模型路径: /mnt/data1/FT/inspire_data_prep/models/ydyajyA/Llama-2-13b-chat-hf
2025-07-22 20:38:16,609 - MedicalClassifier_llama-2-13b-chat-hf_biomedical_base_direct - INFO - 模板策略: chat_template
2025-07-22 20:38:16,609 - MedicalClassifier_llama-2-13b-chat-hf_biomedical_base_direct - INFO - ================================================================================
2025-07-22 20:38:16,609 - MedicalClassifier_llama-2-13b-chat-hf_biomedical_base_direct - INFO - 加载数据集: /mnt/data1/TC/TextClassDemo/data/Biomedical/Biomedical_Test_Cxx.json
2025-07-22 20:38:16,637 - MedicalClassifier_llama-2-13b-chat-hf_biomedical_base_direct - INFO - 使用单一推理模式
2025-07-22 20:38:16,637 - MedicalClassifier_llama-2-13b-chat-hf_biomedical_base_direct - INFO - 开始批量推理...
2025-07-22 20:38:17,224 - MedicalClassifier_llama-2-13b-chat-hf_biomedical_base_direct - INFO - 开始运行评估实验...
2025-07-22 20:38:17,225 - MedicalClassifier_llama-2-13b-chat-hf_biomedical_base_direct - INFO - 实验配置:
2025-07-22 20:38:17,225 - MedicalClassifier_llama-2-13b-chat-hf_biomedical_base_direct - INFO -   - 基础模型: /mnt/data1/FT/inspire_data_prep/models/ydyajyA/Llama-2-13b-chat-hf
2025-07-22 20:38:17,225 - MedicalClassifier_llama-2-13b-chat-hf_biomedical_base_direct - INFO -   - 使用LoRA: False
2025-07-22 20:38:17,225 - MedicalClassifier_llama-2-13b-chat-hf_biomedical_base_direct - INFO -   - 数据集: biomedical
2025-07-22 20:38:17,225 - MedicalClassifier_llama-2-13b-chat-hf_biomedical_base_direct - INFO -   - 数据路径: /mnt/data1/TC/TextClassDemo/data/Biomedical/Biomedical_Test_Cxx.json
2025-07-22 20:38:17,225 - MedicalClassifier_llama-2-13b-chat-hf_biomedical_base_direct - INFO - ================================================================================
2025-07-22 20:38:17,225 - MedicalClassifier_llama-2-13b-chat-hf_biomedical_base_direct - INFO - 开始加载模型和tokenizer...
2025-07-22 20:38:17,225 - MedicalClassifier_llama-2-13b-chat-hf_biomedical_base_direct - INFO - 基础模型路径: /mnt/data1/FT/inspire_data_prep/models/ydyajyA/Llama-2-13b-chat-hf
2025-07-22 20:38:17,225 - MedicalClassifier_llama-2-13b-chat-hf_biomedical_base_direct - INFO - 是否使用LoRA: False
2025-07-22 20:38:17,225 - MedicalClassifier_llama-2-13b-chat-hf_biomedical_base_direct - INFO - ================================================================================
2025-07-22 20:38:17,225 - MedicalClassifier_llama-2-13b-chat-hf_biomedical_base_direct - INFO - 非70B模型，当前为多进程，采用数据并行（device_map=None）
2025-07-22 20:38:17,225 - MedicalClassifier_llama-2-13b-chat-hf_biomedical_base_direct - INFO - 正在加载tokenizer: /mnt/data1/FT/inspire_data_prep/models/ydyajyA/Llama-2-13b-chat-hf
2025-07-22 20:38:17,404 - MedicalClassifier_llama-2-13b-chat-hf_biomedical_base_direct - INFO - Tokenizer加载完成
2025-07-22 20:38:17,404 - MedicalClassifier_llama-2-13b-chat-hf_biomedical_base_direct - INFO - Chat template: {% if messages[0]['role'] == 'system' %}{% set loop_messages = messages[1:] %}{% set system_message = messages[0]['content'] %}{% else %}{% set loop_messages = messages %}{% set system_message = false %}{% endif %}{% for message in loop_messages %}{% if (message['role'] == 'user') != (loop.index0 % 2 == 0) %}{{ raise_exception('Conversation roles must alternate user/assistant/user/assistant/...') }}{% endif %}{% if loop.index0 == 0 and system_message != false %}{% set content = '<<SYS>>\n' + system_message + '\n<</SYS>>\n\n' + message['content'] %}{% else %}{% set content = message['content'] %}{% endif %}{% if message['role'] == 'user' %}{{ bos_token + '[INST] ' + content.strip() + ' [/INST]' }}{% elif message['role'] == 'assistant' %}{{ ' '  + content.strip() + ' ' + eos_token }}{% endif %}{% endfor %}
2025-07-22 20:38:17,404 - MedicalClassifier_llama-2-13b-chat-hf_biomedical_base_direct - INFO - 检测到Llama模型，使用chat_template
2025-07-22 20:38:17,404 - MedicalClassifier_llama-2-13b-chat-hf_biomedical_base_direct - INFO - 模板策略: chat_template
2025-07-22 20:38:17,404 - MedicalClassifier_llama-2-13b-chat-hf_biomedical_base_direct - INFO - 正在加载基础模型: /mnt/data1/FT/inspire_data_prep/models/ydyajyA/Llama-2-13b-chat-hf
2025-07-22 20:38:17,626 - MedicalClassifier_llama-2-13b-chat-hf_biomedical_base_direct - INFO - 开始运行评估实验...
2025-07-22 20:38:17,626 - MedicalClassifier_llama-2-13b-chat-hf_biomedical_base_direct - INFO - 实验配置:
2025-07-22 20:38:17,626 - MedicalClassifier_llama-2-13b-chat-hf_biomedical_base_direct - INFO -   - 基础模型: /mnt/data1/FT/inspire_data_prep/models/ydyajyA/Llama-2-13b-chat-hf
2025-07-22 20:38:17,626 - MedicalClassifier_llama-2-13b-chat-hf_biomedical_base_direct - INFO -   - 使用LoRA: False
2025-07-22 20:38:17,626 - MedicalClassifier_llama-2-13b-chat-hf_biomedical_base_direct - INFO -   - 数据集: biomedical
2025-07-22 20:38:17,626 - MedicalClassifier_llama-2-13b-chat-hf_biomedical_base_direct - INFO -   - 数据路径: /mnt/data1/TC/TextClassDemo/data/Biomedical/Biomedical_Test_Cxx.json
2025-07-22 20:38:17,626 - MedicalClassifier_llama-2-13b-chat-hf_biomedical_base_direct - INFO - ================================================================================
2025-07-22 20:38:17,626 - MedicalClassifier_llama-2-13b-chat-hf_biomedical_base_direct - INFO - 开始加载模型和tokenizer...
2025-07-22 20:38:17,626 - MedicalClassifier_llama-2-13b-chat-hf_biomedical_base_direct - INFO - 基础模型路径: /mnt/data1/FT/inspire_data_prep/models/ydyajyA/Llama-2-13b-chat-hf
2025-07-22 20:38:17,626 - MedicalClassifier_llama-2-13b-chat-hf_biomedical_base_direct - INFO - 是否使用LoRA: False
2025-07-22 20:38:17,626 - MedicalClassifier_llama-2-13b-chat-hf_biomedical_base_direct - INFO - ================================================================================
2025-07-22 20:38:17,626 - MedicalClassifier_llama-2-13b-chat-hf_biomedical_base_direct - INFO - 非70B模型，当前为多进程，采用数据并行（device_map=None）
2025-07-22 20:38:17,626 - MedicalClassifier_llama-2-13b-chat-hf_biomedical_base_direct - INFO - 正在加载tokenizer: /mnt/data1/FT/inspire_data_prep/models/ydyajyA/Llama-2-13b-chat-hf
2025-07-22 20:38:17,699 - MedicalClassifier_llama-2-13b-chat-hf_biomedical_base_direct - INFO - 基础模型加载完成
2025-07-22 20:38:17,699 - MedicalClassifier_llama-2-13b-chat-hf_biomedical_base_direct - INFO - 使用基础模型，不加载LoRA适配器
2025-07-22 20:38:17,701 - MedicalClassifier_llama-2-13b-chat-hf_biomedical_base_direct - INFO - ================================================================================
2025-07-22 20:38:17,701 - MedicalClassifier_llama-2-13b-chat-hf_biomedical_base_direct - INFO - 模型加载完成！
2025-07-22 20:38:17,701 - MedicalClassifier_llama-2-13b-chat-hf_biomedical_base_direct - INFO - 最终使用的模型: 基础模型
2025-07-22 20:38:17,701 - MedicalClassifier_llama-2-13b-chat-hf_biomedical_base_direct - INFO - 模型路径: /mnt/data1/FT/inspire_data_prep/models/ydyajyA/Llama-2-13b-chat-hf
2025-07-22 20:38:17,701 - MedicalClassifier_llama-2-13b-chat-hf_biomedical_base_direct - INFO - 模板策略: chat_template
2025-07-22 20:38:17,701 - MedicalClassifier_llama-2-13b-chat-hf_biomedical_base_direct - INFO - ================================================================================
2025-07-22 20:38:17,701 - MedicalClassifier_llama-2-13b-chat-hf_biomedical_base_direct - INFO - 加载数据集: /mnt/data1/TC/TextClassDemo/data/Biomedical/Biomedical_Test_Cxx.json
2025-07-22 20:38:17,730 - MedicalClassifier_llama-2-13b-chat-hf_biomedical_base_direct - INFO - 使用单一推理模式
2025-07-22 20:38:17,730 - MedicalClassifier_llama-2-13b-chat-hf_biomedical_base_direct - INFO - 开始批量推理...
2025-07-22 20:38:17,911 - MedicalClassifier_llama-2-13b-chat-hf_biomedical_base_direct - INFO - Tokenizer加载完成
2025-07-22 20:38:17,912 - MedicalClassifier_llama-2-13b-chat-hf_biomedical_base_direct - INFO - Chat template: {% if messages[0]['role'] == 'system' %}{% set loop_messages = messages[1:] %}{% set system_message = messages[0]['content'] %}{% else %}{% set loop_messages = messages %}{% set system_message = false %}{% endif %}{% for message in loop_messages %}{% if (message['role'] == 'user') != (loop.index0 % 2 == 0) %}{{ raise_exception('Conversation roles must alternate user/assistant/user/assistant/...') }}{% endif %}{% if loop.index0 == 0 and system_message != false %}{% set content = '<<SYS>>\n' + system_message + '\n<</SYS>>\n\n' + message['content'] %}{% else %}{% set content = message['content'] %}{% endif %}{% if message['role'] == 'user' %}{{ bos_token + '[INST] ' + content.strip() + ' [/INST]' }}{% elif message['role'] == 'assistant' %}{{ ' '  + content.strip() + ' ' + eos_token }}{% endif %}{% endfor %}
2025-07-22 20:38:17,912 - MedicalClassifier_llama-2-13b-chat-hf_biomedical_base_direct - INFO - 检测到Llama模型，使用chat_template
2025-07-22 20:38:17,912 - MedicalClassifier_llama-2-13b-chat-hf_biomedical_base_direct - INFO - 模板策略: chat_template
2025-07-22 20:38:17,912 - MedicalClassifier_llama-2-13b-chat-hf_biomedical_base_direct - INFO - 正在加载基础模型: /mnt/data1/FT/inspire_data_prep/models/ydyajyA/Llama-2-13b-chat-hf
2025-07-22 20:38:18,013 - MedicalClassifier_llama-2-13b-chat-hf_biomedical_base_direct - INFO - 开始运行评估实验...
2025-07-22 20:38:18,013 - MedicalClassifier_llama-2-13b-chat-hf_biomedical_base_direct - INFO - 实验配置:
2025-07-22 20:38:18,013 - MedicalClassifier_llama-2-13b-chat-hf_biomedical_base_direct - INFO -   - 基础模型: /mnt/data1/FT/inspire_data_prep/models/ydyajyA/Llama-2-13b-chat-hf
2025-07-22 20:38:18,013 - MedicalClassifier_llama-2-13b-chat-hf_biomedical_base_direct - INFO -   - 使用LoRA: False
2025-07-22 20:38:18,013 - MedicalClassifier_llama-2-13b-chat-hf_biomedical_base_direct - INFO -   - 数据集: biomedical
2025-07-22 20:38:18,013 - MedicalClassifier_llama-2-13b-chat-hf_biomedical_base_direct - INFO -   - 数据路径: /mnt/data1/TC/TextClassDemo/data/Biomedical/Biomedical_Test_Cxx.json
2025-07-22 20:38:18,013 - MedicalClassifier_llama-2-13b-chat-hf_biomedical_base_direct - INFO - ================================================================================
2025-07-22 20:38:18,014 - MedicalClassifier_llama-2-13b-chat-hf_biomedical_base_direct - INFO - 开始加载模型和tokenizer...
2025-07-22 20:38:18,014 - MedicalClassifier_llama-2-13b-chat-hf_biomedical_base_direct - INFO - 基础模型路径: /mnt/data1/FT/inspire_data_prep/models/ydyajyA/Llama-2-13b-chat-hf
2025-07-22 20:38:18,014 - MedicalClassifier_llama-2-13b-chat-hf_biomedical_base_direct - INFO - 是否使用LoRA: False
2025-07-22 20:38:18,014 - MedicalClassifier_llama-2-13b-chat-hf_biomedical_base_direct - INFO - ================================================================================
2025-07-22 20:38:18,014 - MedicalClassifier_llama-2-13b-chat-hf_biomedical_base_direct - INFO - 非70B模型，当前为多进程，采用数据并行（device_map=None）
2025-07-22 20:38:18,014 - MedicalClassifier_llama-2-13b-chat-hf_biomedical_base_direct - INFO - 正在加载tokenizer: /mnt/data1/FT/inspire_data_prep/models/ydyajyA/Llama-2-13b-chat-hf
2025-07-22 20:38:18,156 - MedicalClassifier_llama-2-13b-chat-hf_biomedical_base_direct - INFO - 开始运行评估实验...
2025-07-22 20:38:18,156 - MedicalClassifier_llama-2-13b-chat-hf_biomedical_base_direct - INFO - 实验配置:
2025-07-22 20:38:18,156 - MedicalClassifier_llama-2-13b-chat-hf_biomedical_base_direct - INFO -   - 基础模型: /mnt/data1/FT/inspire_data_prep/models/ydyajyA/Llama-2-13b-chat-hf
2025-07-22 20:38:18,156 - MedicalClassifier_llama-2-13b-chat-hf_biomedical_base_direct - INFO -   - 使用LoRA: False
2025-07-22 20:38:18,156 - MedicalClassifier_llama-2-13b-chat-hf_biomedical_base_direct - INFO -   - 数据集: biomedical
2025-07-22 20:38:18,156 - MedicalClassifier_llama-2-13b-chat-hf_biomedical_base_direct - INFO -   - 数据路径: /mnt/data1/TC/TextClassDemo/data/Biomedical/Biomedical_Test_Cxx.json
2025-07-22 20:38:18,156 - MedicalClassifier_llama-2-13b-chat-hf_biomedical_base_direct - INFO - ================================================================================
2025-07-22 20:38:18,156 - MedicalClassifier_llama-2-13b-chat-hf_biomedical_base_direct - INFO - 开始加载模型和tokenizer...
2025-07-22 20:38:18,156 - MedicalClassifier_llama-2-13b-chat-hf_biomedical_base_direct - INFO - 基础模型路径: /mnt/data1/FT/inspire_data_prep/models/ydyajyA/Llama-2-13b-chat-hf
2025-07-22 20:38:18,156 - MedicalClassifier_llama-2-13b-chat-hf_biomedical_base_direct - INFO - 是否使用LoRA: False
2025-07-22 20:38:18,157 - MedicalClassifier_llama-2-13b-chat-hf_biomedical_base_direct - INFO - ================================================================================
2025-07-22 20:38:18,157 - MedicalClassifier_llama-2-13b-chat-hf_biomedical_base_direct - INFO - 非70B模型，当前为多进程，采用数据并行（device_map=None）
2025-07-22 20:38:18,157 - MedicalClassifier_llama-2-13b-chat-hf_biomedical_base_direct - INFO - 正在加载tokenizer: /mnt/data1/FT/inspire_data_prep/models/ydyajyA/Llama-2-13b-chat-hf
2025-07-22 20:38:18,222 - MedicalClassifier_llama-2-13b-chat-hf_biomedical_base_direct - INFO - 基础模型加载完成
2025-07-22 20:38:18,222 - MedicalClassifier_llama-2-13b-chat-hf_biomedical_base_direct - INFO - 使用基础模型，不加载LoRA适配器
2025-07-22 20:38:18,223 - MedicalClassifier_llama-2-13b-chat-hf_biomedical_base_direct - INFO - ================================================================================
2025-07-22 20:38:18,223 - MedicalClassifier_llama-2-13b-chat-hf_biomedical_base_direct - INFO - 模型加载完成！
2025-07-22 20:38:18,223 - MedicalClassifier_llama-2-13b-chat-hf_biomedical_base_direct - INFO - 最终使用的模型: 基础模型
2025-07-22 20:38:18,223 - MedicalClassifier_llama-2-13b-chat-hf_biomedical_base_direct - INFO - 模型路径: /mnt/data1/FT/inspire_data_prep/models/ydyajyA/Llama-2-13b-chat-hf
2025-07-22 20:38:18,223 - MedicalClassifier_llama-2-13b-chat-hf_biomedical_base_direct - INFO - 模板策略: chat_template
2025-07-22 20:38:18,223 - MedicalClassifier_llama-2-13b-chat-hf_biomedical_base_direct - INFO - ================================================================================
2025-07-22 20:38:18,224 - MedicalClassifier_llama-2-13b-chat-hf_biomedical_base_direct - INFO - 加载数据集: /mnt/data1/TC/TextClassDemo/data/Biomedical/Biomedical_Test_Cxx.json
2025-07-22 20:38:18,251 - MedicalClassifier_llama-2-13b-chat-hf_biomedical_base_direct - INFO - 使用单一推理模式
2025-07-22 20:38:18,251 - MedicalClassifier_llama-2-13b-chat-hf_biomedical_base_direct - INFO - 开始批量推理...
2025-07-22 20:38:18,358 - MedicalClassifier_llama-2-13b-chat-hf_biomedical_base_direct - INFO - Tokenizer加载完成
2025-07-22 20:38:18,359 - MedicalClassifier_llama-2-13b-chat-hf_biomedical_base_direct - INFO - Chat template: {% if messages[0]['role'] == 'system' %}{% set loop_messages = messages[1:] %}{% set system_message = messages[0]['content'] %}{% else %}{% set loop_messages = messages %}{% set system_message = false %}{% endif %}{% for message in loop_messages %}{% if (message['role'] == 'user') != (loop.index0 % 2 == 0) %}{{ raise_exception('Conversation roles must alternate user/assistant/user/assistant/...') }}{% endif %}{% if loop.index0 == 0 and system_message != false %}{% set content = '<<SYS>>\n' + system_message + '\n<</SYS>>\n\n' + message['content'] %}{% else %}{% set content = message['content'] %}{% endif %}{% if message['role'] == 'user' %}{{ bos_token + '[INST] ' + content.strip() + ' [/INST]' }}{% elif message['role'] == 'assistant' %}{{ ' '  + content.strip() + ' ' + eos_token }}{% endif %}{% endfor %}
2025-07-22 20:38:18,359 - MedicalClassifier_llama-2-13b-chat-hf_biomedical_base_direct - INFO - 检测到Llama模型，使用chat_template
2025-07-22 20:38:18,359 - MedicalClassifier_llama-2-13b-chat-hf_biomedical_base_direct - INFO - 模板策略: chat_template
2025-07-22 20:38:18,359 - MedicalClassifier_llama-2-13b-chat-hf_biomedical_base_direct - INFO - 正在加载基础模型: /mnt/data1/FT/inspire_data_prep/models/ydyajyA/Llama-2-13b-chat-hf
2025-07-22 20:38:18,445 - MedicalClassifier_llama-2-13b-chat-hf_biomedical_base_direct - INFO - Tokenizer加载完成
2025-07-22 20:38:18,445 - MedicalClassifier_llama-2-13b-chat-hf_biomedical_base_direct - INFO - Chat template: {% if messages[0]['role'] == 'system' %}{% set loop_messages = messages[1:] %}{% set system_message = messages[0]['content'] %}{% else %}{% set loop_messages = messages %}{% set system_message = false %}{% endif %}{% for message in loop_messages %}{% if (message['role'] == 'user') != (loop.index0 % 2 == 0) %}{{ raise_exception('Conversation roles must alternate user/assistant/user/assistant/...') }}{% endif %}{% if loop.index0 == 0 and system_message != false %}{% set content = '<<SYS>>\n' + system_message + '\n<</SYS>>\n\n' + message['content'] %}{% else %}{% set content = message['content'] %}{% endif %}{% if message['role'] == 'user' %}{{ bos_token + '[INST] ' + content.strip() + ' [/INST]' }}{% elif message['role'] == 'assistant' %}{{ ' '  + content.strip() + ' ' + eos_token }}{% endif %}{% endfor %}
2025-07-22 20:38:18,445 - MedicalClassifier_llama-2-13b-chat-hf_biomedical_base_direct - INFO - 检测到Llama模型，使用chat_template
2025-07-22 20:38:18,445 - MedicalClassifier_llama-2-13b-chat-hf_biomedical_base_direct - INFO - 模板策略: chat_template
2025-07-22 20:38:18,445 - MedicalClassifier_llama-2-13b-chat-hf_biomedical_base_direct - INFO - 正在加载基础模型: /mnt/data1/FT/inspire_data_prep/models/ydyajyA/Llama-2-13b-chat-hf
2025-07-22 20:38:18,460 - MedicalClassifier_llama-2-13b-chat-hf_biomedical_base_direct - INFO - 开始运行评估实验...
2025-07-22 20:38:18,460 - MedicalClassifier_llama-2-13b-chat-hf_biomedical_base_direct - INFO - 实验配置:
2025-07-22 20:38:18,460 - MedicalClassifier_llama-2-13b-chat-hf_biomedical_base_direct - INFO -   - 基础模型: /mnt/data1/FT/inspire_data_prep/models/ydyajyA/Llama-2-13b-chat-hf
2025-07-22 20:38:18,460 - MedicalClassifier_llama-2-13b-chat-hf_biomedical_base_direct - INFO -   - 使用LoRA: False
2025-07-22 20:38:18,460 - MedicalClassifier_llama-2-13b-chat-hf_biomedical_base_direct - INFO -   - 数据集: biomedical
2025-07-22 20:38:18,460 - MedicalClassifier_llama-2-13b-chat-hf_biomedical_base_direct - INFO -   - 数据路径: /mnt/data1/TC/TextClassDemo/data/Biomedical/Biomedical_Test_Cxx.json
2025-07-22 20:38:18,460 - MedicalClassifier_llama-2-13b-chat-hf_biomedical_base_direct - INFO - ================================================================================
2025-07-22 20:38:18,460 - MedicalClassifier_llama-2-13b-chat-hf_biomedical_base_direct - INFO - 开始加载模型和tokenizer...
2025-07-22 20:38:18,460 - MedicalClassifier_llama-2-13b-chat-hf_biomedical_base_direct - INFO - 基础模型路径: /mnt/data1/FT/inspire_data_prep/models/ydyajyA/Llama-2-13b-chat-hf
2025-07-22 20:38:18,460 - MedicalClassifier_llama-2-13b-chat-hf_biomedical_base_direct - INFO - 是否使用LoRA: False
2025-07-22 20:38:18,460 - MedicalClassifier_llama-2-13b-chat-hf_biomedical_base_direct - INFO - ================================================================================
2025-07-22 20:38:18,460 - MedicalClassifier_llama-2-13b-chat-hf_biomedical_base_direct - INFO - 非70B模型，当前为多进程，采用数据并行（device_map=None）
2025-07-22 20:38:18,460 - MedicalClassifier_llama-2-13b-chat-hf_biomedical_base_direct - INFO - 正在加载tokenizer: /mnt/data1/FT/inspire_data_prep/models/ydyajyA/Llama-2-13b-chat-hf
2025-07-22 20:38:18,489 - MedicalClassifier_llama-2-13b-chat-hf_biomedical_base_direct - INFO - 开始运行评估实验...
2025-07-22 20:38:18,489 - MedicalClassifier_llama-2-13b-chat-hf_biomedical_base_direct - INFO - 实验配置:
2025-07-22 20:38:18,489 - MedicalClassifier_llama-2-13b-chat-hf_biomedical_base_direct - INFO -   - 基础模型: /mnt/data1/FT/inspire_data_prep/models/ydyajyA/Llama-2-13b-chat-hf
2025-07-22 20:38:18,489 - MedicalClassifier_llama-2-13b-chat-hf_biomedical_base_direct - INFO -   - 使用LoRA: False
2025-07-22 20:38:18,489 - MedicalClassifier_llama-2-13b-chat-hf_biomedical_base_direct - INFO -   - 数据集: biomedical
2025-07-22 20:38:18,490 - MedicalClassifier_llama-2-13b-chat-hf_biomedical_base_direct - INFO -   - 数据路径: /mnt/data1/TC/TextClassDemo/data/Biomedical/Biomedical_Test_Cxx.json
2025-07-22 20:38:18,490 - MedicalClassifier_llama-2-13b-chat-hf_biomedical_base_direct - INFO - ================================================================================
2025-07-22 20:38:18,490 - MedicalClassifier_llama-2-13b-chat-hf_biomedical_base_direct - INFO - 开始加载模型和tokenizer...
2025-07-22 20:38:18,490 - MedicalClassifier_llama-2-13b-chat-hf_biomedical_base_direct - INFO - 基础模型路径: /mnt/data1/FT/inspire_data_prep/models/ydyajyA/Llama-2-13b-chat-hf
2025-07-22 20:38:18,490 - MedicalClassifier_llama-2-13b-chat-hf_biomedical_base_direct - INFO - 是否使用LoRA: False
2025-07-22 20:38:18,490 - MedicalClassifier_llama-2-13b-chat-hf_biomedical_base_direct - INFO - ================================================================================
2025-07-22 20:38:18,490 - MedicalClassifier_llama-2-13b-chat-hf_biomedical_base_direct - INFO - 非70B模型，当前为多进程，采用数据并行（device_map=None）
2025-07-22 20:38:18,490 - MedicalClassifier_llama-2-13b-chat-hf_biomedical_base_direct - INFO - 正在加载tokenizer: /mnt/data1/FT/inspire_data_prep/models/ydyajyA/Llama-2-13b-chat-hf
2025-07-22 20:38:18,752 - MedicalClassifier_llama-2-13b-chat-hf_biomedical_base_direct - INFO - Tokenizer加载完成
2025-07-22 20:38:18,752 - MedicalClassifier_llama-2-13b-chat-hf_biomedical_base_direct - INFO - Chat template: {% if messages[0]['role'] == 'system' %}{% set loop_messages = messages[1:] %}{% set system_message = messages[0]['content'] %}{% else %}{% set loop_messages = messages %}{% set system_message = false %}{% endif %}{% for message in loop_messages %}{% if (message['role'] == 'user') != (loop.index0 % 2 == 0) %}{{ raise_exception('Conversation roles must alternate user/assistant/user/assistant/...') }}{% endif %}{% if loop.index0 == 0 and system_message != false %}{% set content = '<<SYS>>\n' + system_message + '\n<</SYS>>\n\n' + message['content'] %}{% else %}{% set content = message['content'] %}{% endif %}{% if message['role'] == 'user' %}{{ bos_token + '[INST] ' + content.strip() + ' [/INST]' }}{% elif message['role'] == 'assistant' %}{{ ' '  + content.strip() + ' ' + eos_token }}{% endif %}{% endfor %}
2025-07-22 20:38:18,752 - MedicalClassifier_llama-2-13b-chat-hf_biomedical_base_direct - INFO - 检测到Llama模型，使用chat_template
2025-07-22 20:38:18,752 - MedicalClassifier_llama-2-13b-chat-hf_biomedical_base_direct - INFO - 模板策略: chat_template
2025-07-22 20:38:18,752 - MedicalClassifier_llama-2-13b-chat-hf_biomedical_base_direct - INFO - 正在加载基础模型: /mnt/data1/FT/inspire_data_prep/models/ydyajyA/Llama-2-13b-chat-hf
2025-07-22 20:38:18,791 - MedicalClassifier_llama-2-13b-chat-hf_biomedical_base_direct - INFO - 开始运行评估实验...
2025-07-22 20:38:18,791 - MedicalClassifier_llama-2-13b-chat-hf_biomedical_base_direct - INFO - 实验配置:
2025-07-22 20:38:18,791 - MedicalClassifier_llama-2-13b-chat-hf_biomedical_base_direct - INFO -   - 基础模型: /mnt/data1/FT/inspire_data_prep/models/ydyajyA/Llama-2-13b-chat-hf
2025-07-22 20:38:18,791 - MedicalClassifier_llama-2-13b-chat-hf_biomedical_base_direct - INFO -   - 使用LoRA: False
2025-07-22 20:38:18,791 - MedicalClassifier_llama-2-13b-chat-hf_biomedical_base_direct - INFO -   - 数据集: biomedical
2025-07-22 20:38:18,792 - MedicalClassifier_llama-2-13b-chat-hf_biomedical_base_direct - INFO -   - 数据路径: /mnt/data1/TC/TextClassDemo/data/Biomedical/Biomedical_Test_Cxx.json
2025-07-22 20:38:18,792 - MedicalClassifier_llama-2-13b-chat-hf_biomedical_base_direct - INFO - ================================================================================
2025-07-22 20:38:18,792 - MedicalClassifier_llama-2-13b-chat-hf_biomedical_base_direct - INFO - 开始加载模型和tokenizer...
2025-07-22 20:38:18,792 - MedicalClassifier_llama-2-13b-chat-hf_biomedical_base_direct - INFO - 基础模型路径: /mnt/data1/FT/inspire_data_prep/models/ydyajyA/Llama-2-13b-chat-hf
2025-07-22 20:38:18,792 - MedicalClassifier_llama-2-13b-chat-hf_biomedical_base_direct - INFO - 是否使用LoRA: False
2025-07-22 20:38:18,792 - MedicalClassifier_llama-2-13b-chat-hf_biomedical_base_direct - INFO - ================================================================================
2025-07-22 20:38:18,792 - MedicalClassifier_llama-2-13b-chat-hf_biomedical_base_direct - INFO - 非70B模型，当前为多进程，采用数据并行（device_map=None）
2025-07-22 20:38:18,792 - MedicalClassifier_llama-2-13b-chat-hf_biomedical_base_direct - INFO - 正在加载tokenizer: /mnt/data1/FT/inspire_data_prep/models/ydyajyA/Llama-2-13b-chat-hf
2025-07-22 20:38:18,817 - MedicalClassifier_llama-2-13b-chat-hf_biomedical_base_direct - INFO - Tokenizer加载完成
2025-07-22 20:38:18,817 - MedicalClassifier_llama-2-13b-chat-hf_biomedical_base_direct - INFO - Chat template: {% if messages[0]['role'] == 'system' %}{% set loop_messages = messages[1:] %}{% set system_message = messages[0]['content'] %}{% else %}{% set loop_messages = messages %}{% set system_message = false %}{% endif %}{% for message in loop_messages %}{% if (message['role'] == 'user') != (loop.index0 % 2 == 0) %}{{ raise_exception('Conversation roles must alternate user/assistant/user/assistant/...') }}{% endif %}{% if loop.index0 == 0 and system_message != false %}{% set content = '<<SYS>>\n' + system_message + '\n<</SYS>>\n\n' + message['content'] %}{% else %}{% set content = message['content'] %}{% endif %}{% if message['role'] == 'user' %}{{ bos_token + '[INST] ' + content.strip() + ' [/INST]' }}{% elif message['role'] == 'assistant' %}{{ ' '  + content.strip() + ' ' + eos_token }}{% endif %}{% endfor %}
2025-07-22 20:38:18,817 - MedicalClassifier_llama-2-13b-chat-hf_biomedical_base_direct - INFO - 检测到Llama模型，使用chat_template
2025-07-22 20:38:18,817 - MedicalClassifier_llama-2-13b-chat-hf_biomedical_base_direct - INFO - 模板策略: chat_template
2025-07-22 20:38:18,817 - MedicalClassifier_llama-2-13b-chat-hf_biomedical_base_direct - INFO - 正在加载基础模型: /mnt/data1/FT/inspire_data_prep/models/ydyajyA/Llama-2-13b-chat-hf
2025-07-22 20:38:18,944 - MedicalClassifier_llama-2-13b-chat-hf_biomedical_base_direct - INFO - 基础模型加载完成
2025-07-22 20:38:18,944 - MedicalClassifier_llama-2-13b-chat-hf_biomedical_base_direct - INFO - 使用基础模型，不加载LoRA适配器
2025-07-22 20:38:18,947 - MedicalClassifier_llama-2-13b-chat-hf_biomedical_base_direct - INFO - ================================================================================
2025-07-22 20:38:18,947 - MedicalClassifier_llama-2-13b-chat-hf_biomedical_base_direct - INFO - 模型加载完成！
2025-07-22 20:38:18,947 - MedicalClassifier_llama-2-13b-chat-hf_biomedical_base_direct - INFO - 最终使用的模型: 基础模型
2025-07-22 20:38:18,947 - MedicalClassifier_llama-2-13b-chat-hf_biomedical_base_direct - INFO - 模型路径: /mnt/data1/FT/inspire_data_prep/models/ydyajyA/Llama-2-13b-chat-hf
2025-07-22 20:38:18,947 - MedicalClassifier_llama-2-13b-chat-hf_biomedical_base_direct - INFO - 模板策略: chat_template
2025-07-22 20:38:18,947 - MedicalClassifier_llama-2-13b-chat-hf_biomedical_base_direct - INFO - ================================================================================
2025-07-22 20:38:18,947 - MedicalClassifier_llama-2-13b-chat-hf_biomedical_base_direct - INFO - 加载数据集: /mnt/data1/TC/TextClassDemo/data/Biomedical/Biomedical_Test_Cxx.json
2025-07-22 20:38:18,954 - MedicalClassifier_llama-2-13b-chat-hf_biomedical_base_direct - INFO - 基础模型加载完成
2025-07-22 20:38:18,954 - MedicalClassifier_llama-2-13b-chat-hf_biomedical_base_direct - INFO - 使用基础模型，不加载LoRA适配器
2025-07-22 20:38:18,957 - MedicalClassifier_llama-2-13b-chat-hf_biomedical_base_direct - INFO - ================================================================================
2025-07-22 20:38:18,958 - MedicalClassifier_llama-2-13b-chat-hf_biomedical_base_direct - INFO - 模型加载完成！
2025-07-22 20:38:18,958 - MedicalClassifier_llama-2-13b-chat-hf_biomedical_base_direct - INFO - 最终使用的模型: 基础模型
2025-07-22 20:38:18,958 - MedicalClassifier_llama-2-13b-chat-hf_biomedical_base_direct - INFO - 模型路径: /mnt/data1/FT/inspire_data_prep/models/ydyajyA/Llama-2-13b-chat-hf
2025-07-22 20:38:18,958 - MedicalClassifier_llama-2-13b-chat-hf_biomedical_base_direct - INFO - 模板策略: chat_template
2025-07-22 20:38:18,958 - MedicalClassifier_llama-2-13b-chat-hf_biomedical_base_direct - INFO - ================================================================================
2025-07-22 20:38:18,958 - MedicalClassifier_llama-2-13b-chat-hf_biomedical_base_direct - INFO - 加载数据集: /mnt/data1/TC/TextClassDemo/data/Biomedical/Biomedical_Test_Cxx.json
2025-07-22 20:38:18,995 - MedicalClassifier_llama-2-13b-chat-hf_biomedical_base_direct - INFO - 使用单一推理模式
2025-07-22 20:38:18,995 - MedicalClassifier_llama-2-13b-chat-hf_biomedical_base_direct - INFO - 开始批量推理...
2025-07-22 20:38:19,016 - MedicalClassifier_llama-2-13b-chat-hf_biomedical_base_direct - INFO - 使用单一推理模式
2025-07-22 20:38:19,016 - MedicalClassifier_llama-2-13b-chat-hf_biomedical_base_direct - INFO - 开始批量推理...
2025-07-22 20:38:19,114 - MedicalClassifier_llama-2-13b-chat-hf_biomedical_base_direct - INFO - Tokenizer加载完成
2025-07-22 20:38:19,115 - MedicalClassifier_llama-2-13b-chat-hf_biomedical_base_direct - INFO - Chat template: {% if messages[0]['role'] == 'system' %}{% set loop_messages = messages[1:] %}{% set system_message = messages[0]['content'] %}{% else %}{% set loop_messages = messages %}{% set system_message = false %}{% endif %}{% for message in loop_messages %}{% if (message['role'] == 'user') != (loop.index0 % 2 == 0) %}{{ raise_exception('Conversation roles must alternate user/assistant/user/assistant/...') }}{% endif %}{% if loop.index0 == 0 and system_message != false %}{% set content = '<<SYS>>\n' + system_message + '\n<</SYS>>\n\n' + message['content'] %}{% else %}{% set content = message['content'] %}{% endif %}{% if message['role'] == 'user' %}{{ bos_token + '[INST] ' + content.strip() + ' [/INST]' }}{% elif message['role'] == 'assistant' %}{{ ' '  + content.strip() + ' ' + eos_token }}{% endif %}{% endfor %}
2025-07-22 20:38:19,115 - MedicalClassifier_llama-2-13b-chat-hf_biomedical_base_direct - INFO - 检测到Llama模型，使用chat_template
2025-07-22 20:38:19,115 - MedicalClassifier_llama-2-13b-chat-hf_biomedical_base_direct - INFO - 模板策略: chat_template
2025-07-22 20:38:19,115 - MedicalClassifier_llama-2-13b-chat-hf_biomedical_base_direct - INFO - 正在加载基础模型: /mnt/data1/FT/inspire_data_prep/models/ydyajyA/Llama-2-13b-chat-hf
2025-07-22 20:38:19,265 - MedicalClassifier_llama-2-13b-chat-hf_biomedical_base_direct - INFO - 基础模型加载完成
2025-07-22 20:38:19,265 - MedicalClassifier_llama-2-13b-chat-hf_biomedical_base_direct - INFO - 使用基础模型，不加载LoRA适配器
2025-07-22 20:38:19,268 - MedicalClassifier_llama-2-13b-chat-hf_biomedical_base_direct - INFO - ================================================================================
2025-07-22 20:38:19,268 - MedicalClassifier_llama-2-13b-chat-hf_biomedical_base_direct - INFO - 模型加载完成！
2025-07-22 20:38:19,268 - MedicalClassifier_llama-2-13b-chat-hf_biomedical_base_direct - INFO - 最终使用的模型: 基础模型
2025-07-22 20:38:19,268 - MedicalClassifier_llama-2-13b-chat-hf_biomedical_base_direct - INFO - 模型路径: /mnt/data1/FT/inspire_data_prep/models/ydyajyA/Llama-2-13b-chat-hf
2025-07-22 20:38:19,268 - MedicalClassifier_llama-2-13b-chat-hf_biomedical_base_direct - INFO - 模板策略: chat_template
2025-07-22 20:38:19,269 - MedicalClassifier_llama-2-13b-chat-hf_biomedical_base_direct - INFO - ================================================================================
2025-07-22 20:38:19,269 - MedicalClassifier_llama-2-13b-chat-hf_biomedical_base_direct - INFO - 加载数据集: /mnt/data1/TC/TextClassDemo/data/Biomedical/Biomedical_Test_Cxx.json
2025-07-22 20:38:19,322 - MedicalClassifier_llama-2-13b-chat-hf_biomedical_base_direct - INFO - 使用单一推理模式
2025-07-22 20:38:19,322 - MedicalClassifier_llama-2-13b-chat-hf_biomedical_base_direct - INFO - 开始批量推理...
2025-07-22 20:38:19,362 - MedicalClassifier_llama-2-13b-chat-hf_biomedical_base_direct - INFO - 基础模型加载完成
2025-07-22 20:38:19,363 - MedicalClassifier_llama-2-13b-chat-hf_biomedical_base_direct - INFO - 使用基础模型，不加载LoRA适配器
2025-07-22 20:38:19,366 - MedicalClassifier_llama-2-13b-chat-hf_biomedical_base_direct - INFO - ================================================================================
2025-07-22 20:38:19,366 - MedicalClassifier_llama-2-13b-chat-hf_biomedical_base_direct - INFO - 模型加载完成！
2025-07-22 20:38:19,366 - MedicalClassifier_llama-2-13b-chat-hf_biomedical_base_direct - INFO - 最终使用的模型: 基础模型
2025-07-22 20:38:19,366 - MedicalClassifier_llama-2-13b-chat-hf_biomedical_base_direct - INFO - 模型路径: /mnt/data1/FT/inspire_data_prep/models/ydyajyA/Llama-2-13b-chat-hf
2025-07-22 20:38:19,366 - MedicalClassifier_llama-2-13b-chat-hf_biomedical_base_direct - INFO - 模板策略: chat_template
2025-07-22 20:38:19,366 - MedicalClassifier_llama-2-13b-chat-hf_biomedical_base_direct - INFO - ================================================================================
2025-07-22 20:38:19,366 - MedicalClassifier_llama-2-13b-chat-hf_biomedical_base_direct - INFO - 加载数据集: /mnt/data1/TC/TextClassDemo/data/Biomedical/Biomedical_Test_Cxx.json
2025-07-22 20:38:19,424 - MedicalClassifier_llama-2-13b-chat-hf_biomedical_base_direct - INFO - 使用单一推理模式
2025-07-22 20:38:19,424 - MedicalClassifier_llama-2-13b-chat-hf_biomedical_base_direct - INFO - 开始批量推理...
2025-07-22 20:38:19,654 - MedicalClassifier_llama-2-13b-chat-hf_biomedical_base_direct - INFO - 基础模型加载完成
2025-07-22 20:38:19,655 - MedicalClassifier_llama-2-13b-chat-hf_biomedical_base_direct - INFO - 使用基础模型，不加载LoRA适配器
2025-07-22 20:38:19,658 - MedicalClassifier_llama-2-13b-chat-hf_biomedical_base_direct - INFO - ================================================================================
2025-07-22 20:38:19,658 - MedicalClassifier_llama-2-13b-chat-hf_biomedical_base_direct - INFO - 模型加载完成！
2025-07-22 20:38:19,658 - MedicalClassifier_llama-2-13b-chat-hf_biomedical_base_direct - INFO - 最终使用的模型: 基础模型
2025-07-22 20:38:19,658 - MedicalClassifier_llama-2-13b-chat-hf_biomedical_base_direct - INFO - 模型路径: /mnt/data1/FT/inspire_data_prep/models/ydyajyA/Llama-2-13b-chat-hf
2025-07-22 20:38:19,658 - MedicalClassifier_llama-2-13b-chat-hf_biomedical_base_direct - INFO - 模板策略: chat_template
2025-07-22 20:38:19,658 - MedicalClassifier_llama-2-13b-chat-hf_biomedical_base_direct - INFO - ================================================================================
2025-07-22 20:38:19,658 - MedicalClassifier_llama-2-13b-chat-hf_biomedical_base_direct - INFO - 加载数据集: /mnt/data1/TC/TextClassDemo/data/Biomedical/Biomedical_Test_Cxx.json
2025-07-22 20:38:19,715 - MedicalClassifier_llama-2-13b-chat-hf_biomedical_base_direct - INFO - 使用单一推理模式
2025-07-22 20:38:19,715 - MedicalClassifier_llama-2-13b-chat-hf_biomedical_base_direct - INFO - 开始批量推理...
2025-07-22 20:44:34,284 - MedicalClassifier_llama-2-13b-chat-hf_biomedical_base_direct - INFO - 开始运行评估实验...
2025-07-22 20:44:34,284 - MedicalClassifier_llama-2-13b-chat-hf_biomedical_base_direct - INFO - 实验配置:
2025-07-22 20:44:34,284 - MedicalClassifier_llama-2-13b-chat-hf_biomedical_base_direct - INFO -   - 基础模型: /mnt/data1/FT/inspire_data_prep/models/ydyajyA/Llama-2-13b-chat-hf
2025-07-22 20:44:34,284 - MedicalClassifier_llama-2-13b-chat-hf_biomedical_base_direct - INFO -   - 使用LoRA: False
2025-07-22 20:44:34,284 - MedicalClassifier_llama-2-13b-chat-hf_biomedical_base_direct - INFO -   - 数据集: biomedical
2025-07-22 20:44:34,284 - MedicalClassifier_llama-2-13b-chat-hf_biomedical_base_direct - INFO -   - 数据路径: /mnt/data1/TC/TextClassDemo/data/Biomedical/Biomedical_Test_Cxx.json
2025-07-22 20:44:34,284 - MedicalClassifier_llama-2-13b-chat-hf_biomedical_base_direct - INFO - ================================================================================
2025-07-22 20:44:34,284 - MedicalClassifier_llama-2-13b-chat-hf_biomedical_base_direct - INFO - 开始加载模型和tokenizer...
2025-07-22 20:44:34,284 - MedicalClassifier_llama-2-13b-chat-hf_biomedical_base_direct - INFO - 基础模型路径: /mnt/data1/FT/inspire_data_prep/models/ydyajyA/Llama-2-13b-chat-hf
2025-07-22 20:44:34,284 - MedicalClassifier_llama-2-13b-chat-hf_biomedical_base_direct - INFO - 是否使用LoRA: False
2025-07-22 20:44:34,284 - MedicalClassifier_llama-2-13b-chat-hf_biomedical_base_direct - INFO - ================================================================================
2025-07-22 20:44:34,284 - MedicalClassifier_llama-2-13b-chat-hf_biomedical_base_direct - INFO - 非70B模型，当前为多进程，采用数据并行（device_map=None）
2025-07-22 20:44:34,285 - MedicalClassifier_llama-2-13b-chat-hf_biomedical_base_direct - INFO - 正在加载tokenizer: /mnt/data1/FT/inspire_data_prep/models/ydyajyA/Llama-2-13b-chat-hf
2025-07-22 20:44:34,291 - MedicalClassifier_llama-2-13b-chat-hf_biomedical_base_direct - INFO - 开始运行评估实验...
2025-07-22 20:44:34,291 - MedicalClassifier_llama-2-13b-chat-hf_biomedical_base_direct - INFO - 实验配置:
2025-07-22 20:44:34,291 - MedicalClassifier_llama-2-13b-chat-hf_biomedical_base_direct - INFO -   - 基础模型: /mnt/data1/FT/inspire_data_prep/models/ydyajyA/Llama-2-13b-chat-hf
2025-07-22 20:44:34,291 - MedicalClassifier_llama-2-13b-chat-hf_biomedical_base_direct - INFO -   - 使用LoRA: False
2025-07-22 20:44:34,291 - MedicalClassifier_llama-2-13b-chat-hf_biomedical_base_direct - INFO -   - 数据集: biomedical
2025-07-22 20:44:34,291 - MedicalClassifier_llama-2-13b-chat-hf_biomedical_base_direct - INFO -   - 数据路径: /mnt/data1/TC/TextClassDemo/data/Biomedical/Biomedical_Test_Cxx.json
2025-07-22 20:44:34,291 - MedicalClassifier_llama-2-13b-chat-hf_biomedical_base_direct - INFO - ================================================================================
2025-07-22 20:44:34,291 - MedicalClassifier_llama-2-13b-chat-hf_biomedical_base_direct - INFO - 开始加载模型和tokenizer...
2025-07-22 20:44:34,291 - MedicalClassifier_llama-2-13b-chat-hf_biomedical_base_direct - INFO - 基础模型路径: /mnt/data1/FT/inspire_data_prep/models/ydyajyA/Llama-2-13b-chat-hf
2025-07-22 20:44:34,291 - MedicalClassifier_llama-2-13b-chat-hf_biomedical_base_direct - INFO - 是否使用LoRA: False
2025-07-22 20:44:34,291 - MedicalClassifier_llama-2-13b-chat-hf_biomedical_base_direct - INFO - ================================================================================
2025-07-22 20:44:34,291 - MedicalClassifier_llama-2-13b-chat-hf_biomedical_base_direct - INFO - 非70B模型，当前为多进程，采用数据并行（device_map=None）
2025-07-22 20:44:34,291 - MedicalClassifier_llama-2-13b-chat-hf_biomedical_base_direct - INFO - 正在加载tokenizer: /mnt/data1/FT/inspire_data_prep/models/ydyajyA/Llama-2-13b-chat-hf
2025-07-22 20:44:34,529 - MedicalClassifier_llama-2-13b-chat-hf_biomedical_base_direct - INFO - Tokenizer加载完成
2025-07-22 20:44:34,529 - MedicalClassifier_llama-2-13b-chat-hf_biomedical_base_direct - INFO - Chat template: {% if messages[0]['role'] == 'system' %}{% set loop_messages = messages[1:] %}{% set system_message = messages[0]['content'] %}{% else %}{% set loop_messages = messages %}{% set system_message = false %}{% endif %}{% for message in loop_messages %}{% if (message['role'] == 'user') != (loop.index0 % 2 == 0) %}{{ raise_exception('Conversation roles must alternate user/assistant/user/assistant/...') }}{% endif %}{% if loop.index0 == 0 and system_message != false %}{% set content = '<<SYS>>\n' + system_message + '\n<</SYS>>\n\n' + message['content'] %}{% else %}{% set content = message['content'] %}{% endif %}{% if message['role'] == 'user' %}{{ bos_token + '[INST] ' + content.strip() + ' [/INST]' }}{% elif message['role'] == 'assistant' %}{{ ' '  + content.strip() + ' ' + eos_token }}{% endif %}{% endfor %}
2025-07-22 20:44:34,529 - MedicalClassifier_llama-2-13b-chat-hf_biomedical_base_direct - INFO - 检测到Llama模型，使用chat_template
2025-07-22 20:44:34,529 - MedicalClassifier_llama-2-13b-chat-hf_biomedical_base_direct - INFO - 模板策略: chat_template
2025-07-22 20:44:34,529 - MedicalClassifier_llama-2-13b-chat-hf_biomedical_base_direct - INFO - 正在加载基础模型: /mnt/data1/FT/inspire_data_prep/models/ydyajyA/Llama-2-13b-chat-hf
2025-07-22 20:44:34,533 - MedicalClassifier_llama-2-13b-chat-hf_biomedical_base_direct - INFO - Tokenizer加载完成
2025-07-22 20:44:34,533 - MedicalClassifier_llama-2-13b-chat-hf_biomedical_base_direct - INFO - Chat template: {% if messages[0]['role'] == 'system' %}{% set loop_messages = messages[1:] %}{% set system_message = messages[0]['content'] %}{% else %}{% set loop_messages = messages %}{% set system_message = false %}{% endif %}{% for message in loop_messages %}{% if (message['role'] == 'user') != (loop.index0 % 2 == 0) %}{{ raise_exception('Conversation roles must alternate user/assistant/user/assistant/...') }}{% endif %}{% if loop.index0 == 0 and system_message != false %}{% set content = '<<SYS>>\n' + system_message + '\n<</SYS>>\n\n' + message['content'] %}{% else %}{% set content = message['content'] %}{% endif %}{% if message['role'] == 'user' %}{{ bos_token + '[INST] ' + content.strip() + ' [/INST]' }}{% elif message['role'] == 'assistant' %}{{ ' '  + content.strip() + ' ' + eos_token }}{% endif %}{% endfor %}
2025-07-22 20:44:34,533 - MedicalClassifier_llama-2-13b-chat-hf_biomedical_base_direct - INFO - 检测到Llama模型，使用chat_template
2025-07-22 20:44:34,533 - MedicalClassifier_llama-2-13b-chat-hf_biomedical_base_direct - INFO - 模板策略: chat_template
2025-07-22 20:44:34,533 - MedicalClassifier_llama-2-13b-chat-hf_biomedical_base_direct - INFO - 正在加载基础模型: /mnt/data1/FT/inspire_data_prep/models/ydyajyA/Llama-2-13b-chat-hf
2025-07-22 20:44:34,853 - MedicalClassifier_llama-2-13b-chat-hf_biomedical_base_direct - INFO - 基础模型加载完成
2025-07-22 20:44:34,854 - MedicalClassifier_llama-2-13b-chat-hf_biomedical_base_direct - INFO - 使用基础模型，不加载LoRA适配器
2025-07-22 20:44:34,854 - MedicalClassifier_llama-2-13b-chat-hf_biomedical_base_direct - INFO - 基础模型加载完成
2025-07-22 20:44:34,854 - MedicalClassifier_llama-2-13b-chat-hf_biomedical_base_direct - INFO - 使用基础模型，不加载LoRA适配器
2025-07-22 20:44:34,855 - MedicalClassifier_llama-2-13b-chat-hf_biomedical_base_direct - INFO - ================================================================================
2025-07-22 20:44:34,855 - MedicalClassifier_llama-2-13b-chat-hf_biomedical_base_direct - INFO - 模型加载完成！
2025-07-22 20:44:34,855 - MedicalClassifier_llama-2-13b-chat-hf_biomedical_base_direct - INFO - 最终使用的模型: 基础模型
2025-07-22 20:44:34,855 - MedicalClassifier_llama-2-13b-chat-hf_biomedical_base_direct - INFO - 模型路径: /mnt/data1/FT/inspire_data_prep/models/ydyajyA/Llama-2-13b-chat-hf
2025-07-22 20:44:34,855 - MedicalClassifier_llama-2-13b-chat-hf_biomedical_base_direct - INFO - 模板策略: chat_template
2025-07-22 20:44:34,855 - MedicalClassifier_llama-2-13b-chat-hf_biomedical_base_direct - INFO - ================================================================================
2025-07-22 20:44:34,856 - MedicalClassifier_llama-2-13b-chat-hf_biomedical_base_direct - INFO - 加载数据集: /mnt/data1/TC/TextClassDemo/data/Biomedical/Biomedical_Test_Cxx.json
2025-07-22 20:44:34,856 - MedicalClassifier_llama-2-13b-chat-hf_biomedical_base_direct - INFO - ================================================================================
2025-07-22 20:44:34,856 - MedicalClassifier_llama-2-13b-chat-hf_biomedical_base_direct - INFO - 模型加载完成！
2025-07-22 20:44:34,856 - MedicalClassifier_llama-2-13b-chat-hf_biomedical_base_direct - INFO - 最终使用的模型: 基础模型
2025-07-22 20:44:34,856 - MedicalClassifier_llama-2-13b-chat-hf_biomedical_base_direct - INFO - 模型路径: /mnt/data1/FT/inspire_data_prep/models/ydyajyA/Llama-2-13b-chat-hf
2025-07-22 20:44:34,856 - MedicalClassifier_llama-2-13b-chat-hf_biomedical_base_direct - INFO - 模板策略: chat_template
2025-07-22 20:44:34,856 - MedicalClassifier_llama-2-13b-chat-hf_biomedical_base_direct - INFO - ================================================================================
2025-07-22 20:44:34,856 - MedicalClassifier_llama-2-13b-chat-hf_biomedical_base_direct - INFO - 加载数据集: /mnt/data1/TC/TextClassDemo/data/Biomedical/Biomedical_Test_Cxx.json
2025-07-22 20:44:34,893 - MedicalClassifier_llama-2-13b-chat-hf_biomedical_base_direct - INFO - 使用单一推理模式
2025-07-22 20:44:34,894 - MedicalClassifier_llama-2-13b-chat-hf_biomedical_base_direct - INFO - 开始批量推理...
2025-07-22 20:44:34,894 - MedicalClassifier_llama-2-13b-chat-hf_biomedical_base_direct - INFO - 使用单一推理模式
2025-07-22 20:44:34,894 - MedicalClassifier_llama-2-13b-chat-hf_biomedical_base_direct - INFO - 开始批量推理...
2025-07-22 20:44:34,923 - MedicalClassifier_llama-2-13b-chat-hf_biomedical_base_direct - INFO - 开始运行评估实验...
2025-07-22 20:44:34,923 - MedicalClassifier_llama-2-13b-chat-hf_biomedical_base_direct - INFO - 实验配置:
2025-07-22 20:44:34,923 - MedicalClassifier_llama-2-13b-chat-hf_biomedical_base_direct - INFO -   - 基础模型: /mnt/data1/FT/inspire_data_prep/models/ydyajyA/Llama-2-13b-chat-hf
2025-07-22 20:44:34,924 - MedicalClassifier_llama-2-13b-chat-hf_biomedical_base_direct - INFO -   - 使用LoRA: False
2025-07-22 20:44:34,924 - MedicalClassifier_llama-2-13b-chat-hf_biomedical_base_direct - INFO -   - 数据集: biomedical
2025-07-22 20:44:34,924 - MedicalClassifier_llama-2-13b-chat-hf_biomedical_base_direct - INFO -   - 数据路径: /mnt/data1/TC/TextClassDemo/data/Biomedical/Biomedical_Test_Cxx.json
2025-07-22 20:44:34,924 - MedicalClassifier_llama-2-13b-chat-hf_biomedical_base_direct - INFO - ================================================================================
2025-07-22 20:44:34,924 - MedicalClassifier_llama-2-13b-chat-hf_biomedical_base_direct - INFO - 开始加载模型和tokenizer...
2025-07-22 20:44:34,924 - MedicalClassifier_llama-2-13b-chat-hf_biomedical_base_direct - INFO - 基础模型路径: /mnt/data1/FT/inspire_data_prep/models/ydyajyA/Llama-2-13b-chat-hf
2025-07-22 20:44:34,924 - MedicalClassifier_llama-2-13b-chat-hf_biomedical_base_direct - INFO - 是否使用LoRA: False
2025-07-22 20:44:34,924 - MedicalClassifier_llama-2-13b-chat-hf_biomedical_base_direct - INFO - ================================================================================
2025-07-22 20:44:34,924 - MedicalClassifier_llama-2-13b-chat-hf_biomedical_base_direct - INFO - 非70B模型，当前为多进程，采用数据并行（device_map=None）
2025-07-22 20:44:34,924 - MedicalClassifier_llama-2-13b-chat-hf_biomedical_base_direct - INFO - 正在加载tokenizer: /mnt/data1/FT/inspire_data_prep/models/ydyajyA/Llama-2-13b-chat-hf
2025-07-22 20:44:35,312 - MedicalClassifier_llama-2-13b-chat-hf_biomedical_base_direct - INFO - Tokenizer加载完成
2025-07-22 20:44:35,312 - MedicalClassifier_llama-2-13b-chat-hf_biomedical_base_direct - INFO - Chat template: {% if messages[0]['role'] == 'system' %}{% set loop_messages = messages[1:] %}{% set system_message = messages[0]['content'] %}{% else %}{% set loop_messages = messages %}{% set system_message = false %}{% endif %}{% for message in loop_messages %}{% if (message['role'] == 'user') != (loop.index0 % 2 == 0) %}{{ raise_exception('Conversation roles must alternate user/assistant/user/assistant/...') }}{% endif %}{% if loop.index0 == 0 and system_message != false %}{% set content = '<<SYS>>\n' + system_message + '\n<</SYS>>\n\n' + message['content'] %}{% else %}{% set content = message['content'] %}{% endif %}{% if message['role'] == 'user' %}{{ bos_token + '[INST] ' + content.strip() + ' [/INST]' }}{% elif message['role'] == 'assistant' %}{{ ' '  + content.strip() + ' ' + eos_token }}{% endif %}{% endfor %}
2025-07-22 20:44:35,312 - MedicalClassifier_llama-2-13b-chat-hf_biomedical_base_direct - INFO - 检测到Llama模型，使用chat_template
2025-07-22 20:44:35,312 - MedicalClassifier_llama-2-13b-chat-hf_biomedical_base_direct - INFO - 模板策略: chat_template
2025-07-22 20:44:35,312 - MedicalClassifier_llama-2-13b-chat-hf_biomedical_base_direct - INFO - 正在加载基础模型: /mnt/data1/FT/inspire_data_prep/models/ydyajyA/Llama-2-13b-chat-hf
2025-07-22 20:44:35,734 - MedicalClassifier_llama-2-13b-chat-hf_biomedical_base_direct - INFO - 开始运行评估实验...
2025-07-22 20:44:35,734 - MedicalClassifier_llama-2-13b-chat-hf_biomedical_base_direct - INFO - 实验配置:
2025-07-22 20:44:35,734 - MedicalClassifier_llama-2-13b-chat-hf_biomedical_base_direct - INFO -   - 基础模型: /mnt/data1/FT/inspire_data_prep/models/ydyajyA/Llama-2-13b-chat-hf
2025-07-22 20:44:35,734 - MedicalClassifier_llama-2-13b-chat-hf_biomedical_base_direct - INFO -   - 使用LoRA: False
2025-07-22 20:44:35,734 - MedicalClassifier_llama-2-13b-chat-hf_biomedical_base_direct - INFO -   - 数据集: biomedical
2025-07-22 20:44:35,734 - MedicalClassifier_llama-2-13b-chat-hf_biomedical_base_direct - INFO -   - 数据路径: /mnt/data1/TC/TextClassDemo/data/Biomedical/Biomedical_Test_Cxx.json
2025-07-22 20:44:35,734 - MedicalClassifier_llama-2-13b-chat-hf_biomedical_base_direct - INFO - ================================================================================
2025-07-22 20:44:35,734 - MedicalClassifier_llama-2-13b-chat-hf_biomedical_base_direct - INFO - 开始加载模型和tokenizer...
2025-07-22 20:44:35,734 - MedicalClassifier_llama-2-13b-chat-hf_biomedical_base_direct - INFO - 基础模型路径: /mnt/data1/FT/inspire_data_prep/models/ydyajyA/Llama-2-13b-chat-hf
2025-07-22 20:44:35,735 - MedicalClassifier_llama-2-13b-chat-hf_biomedical_base_direct - INFO - 是否使用LoRA: False
2025-07-22 20:44:35,735 - MedicalClassifier_llama-2-13b-chat-hf_biomedical_base_direct - INFO - ================================================================================
2025-07-22 20:44:35,735 - MedicalClassifier_llama-2-13b-chat-hf_biomedical_base_direct - INFO - 非70B模型，当前为多进程，采用数据并行（device_map=None）
2025-07-22 20:44:35,735 - MedicalClassifier_llama-2-13b-chat-hf_biomedical_base_direct - INFO - 正在加载tokenizer: /mnt/data1/FT/inspire_data_prep/models/ydyajyA/Llama-2-13b-chat-hf
2025-07-22 20:44:35,839 - MedicalClassifier_llama-2-13b-chat-hf_biomedical_base_direct - INFO - 开始运行评估实验...
2025-07-22 20:44:35,839 - MedicalClassifier_llama-2-13b-chat-hf_biomedical_base_direct - INFO - 实验配置:
2025-07-22 20:44:35,839 - MedicalClassifier_llama-2-13b-chat-hf_biomedical_base_direct - INFO -   - 基础模型: /mnt/data1/FT/inspire_data_prep/models/ydyajyA/Llama-2-13b-chat-hf
2025-07-22 20:44:35,840 - MedicalClassifier_llama-2-13b-chat-hf_biomedical_base_direct - INFO -   - 使用LoRA: False
2025-07-22 20:44:35,840 - MedicalClassifier_llama-2-13b-chat-hf_biomedical_base_direct - INFO -   - 数据集: biomedical
2025-07-22 20:44:35,840 - MedicalClassifier_llama-2-13b-chat-hf_biomedical_base_direct - INFO -   - 数据路径: /mnt/data1/TC/TextClassDemo/data/Biomedical/Biomedical_Test_Cxx.json
2025-07-22 20:44:35,840 - MedicalClassifier_llama-2-13b-chat-hf_biomedical_base_direct - INFO - ================================================================================
2025-07-22 20:44:35,840 - MedicalClassifier_llama-2-13b-chat-hf_biomedical_base_direct - INFO - 开始加载模型和tokenizer...
2025-07-22 20:44:35,840 - MedicalClassifier_llama-2-13b-chat-hf_biomedical_base_direct - INFO - 基础模型路径: /mnt/data1/FT/inspire_data_prep/models/ydyajyA/Llama-2-13b-chat-hf
2025-07-22 20:44:35,840 - MedicalClassifier_llama-2-13b-chat-hf_biomedical_base_direct - INFO - 是否使用LoRA: False
2025-07-22 20:44:35,840 - MedicalClassifier_llama-2-13b-chat-hf_biomedical_base_direct - INFO - ================================================================================
2025-07-22 20:44:35,840 - MedicalClassifier_llama-2-13b-chat-hf_biomedical_base_direct - INFO - 非70B模型，当前为多进程，采用数据并行（device_map=None）
2025-07-22 20:44:35,840 - MedicalClassifier_llama-2-13b-chat-hf_biomedical_base_direct - INFO - 正在加载tokenizer: /mnt/data1/FT/inspire_data_prep/models/ydyajyA/Llama-2-13b-chat-hf
2025-07-22 20:44:35,841 - MedicalClassifier_llama-2-13b-chat-hf_biomedical_base_direct - INFO - 基础模型加载完成
2025-07-22 20:44:35,842 - MedicalClassifier_llama-2-13b-chat-hf_biomedical_base_direct - INFO - 使用基础模型，不加载LoRA适配器
2025-07-22 20:44:35,845 - MedicalClassifier_llama-2-13b-chat-hf_biomedical_base_direct - INFO - ================================================================================
2025-07-22 20:44:35,845 - MedicalClassifier_llama-2-13b-chat-hf_biomedical_base_direct - INFO - 模型加载完成！
2025-07-22 20:44:35,845 - MedicalClassifier_llama-2-13b-chat-hf_biomedical_base_direct - INFO - 最终使用的模型: 基础模型
2025-07-22 20:44:35,845 - MedicalClassifier_llama-2-13b-chat-hf_biomedical_base_direct - INFO - 模型路径: /mnt/data1/FT/inspire_data_prep/models/ydyajyA/Llama-2-13b-chat-hf
2025-07-22 20:44:35,845 - MedicalClassifier_llama-2-13b-chat-hf_biomedical_base_direct - INFO - 模板策略: chat_template
2025-07-22 20:44:35,845 - MedicalClassifier_llama-2-13b-chat-hf_biomedical_base_direct - INFO - ================================================================================
2025-07-22 20:44:35,845 - MedicalClassifier_llama-2-13b-chat-hf_biomedical_base_direct - INFO - 加载数据集: /mnt/data1/TC/TextClassDemo/data/Biomedical/Biomedical_Test_Cxx.json
2025-07-22 20:44:35,888 - MedicalClassifier_llama-2-13b-chat-hf_biomedical_base_direct - INFO - 开始运行评估实验...
2025-07-22 20:44:35,888 - MedicalClassifier_llama-2-13b-chat-hf_biomedical_base_direct - INFO - 实验配置:
2025-07-22 20:44:35,888 - MedicalClassifier_llama-2-13b-chat-hf_biomedical_base_direct - INFO -   - 基础模型: /mnt/data1/FT/inspire_data_prep/models/ydyajyA/Llama-2-13b-chat-hf
2025-07-22 20:44:35,888 - MedicalClassifier_llama-2-13b-chat-hf_biomedical_base_direct - INFO -   - 使用LoRA: False
2025-07-22 20:44:35,888 - MedicalClassifier_llama-2-13b-chat-hf_biomedical_base_direct - INFO -   - 数据集: biomedical
2025-07-22 20:44:35,888 - MedicalClassifier_llama-2-13b-chat-hf_biomedical_base_direct - INFO -   - 数据路径: /mnt/data1/TC/TextClassDemo/data/Biomedical/Biomedical_Test_Cxx.json
2025-07-22 20:44:35,889 - MedicalClassifier_llama-2-13b-chat-hf_biomedical_base_direct - INFO - ================================================================================
2025-07-22 20:44:35,889 - MedicalClassifier_llama-2-13b-chat-hf_biomedical_base_direct - INFO - 开始加载模型和tokenizer...
2025-07-22 20:44:35,889 - MedicalClassifier_llama-2-13b-chat-hf_biomedical_base_direct - INFO - 基础模型路径: /mnt/data1/FT/inspire_data_prep/models/ydyajyA/Llama-2-13b-chat-hf
2025-07-22 20:44:35,889 - MedicalClassifier_llama-2-13b-chat-hf_biomedical_base_direct - INFO - 是否使用LoRA: False
2025-07-22 20:44:35,889 - MedicalClassifier_llama-2-13b-chat-hf_biomedical_base_direct - INFO - ================================================================================
2025-07-22 20:44:35,889 - MedicalClassifier_llama-2-13b-chat-hf_biomedical_base_direct - INFO - 非70B模型，当前为多进程，采用数据并行（device_map=None）
2025-07-22 20:44:35,889 - MedicalClassifier_llama-2-13b-chat-hf_biomedical_base_direct - INFO - 正在加载tokenizer: /mnt/data1/FT/inspire_data_prep/models/ydyajyA/Llama-2-13b-chat-hf
2025-07-22 20:44:35,899 - MedicalClassifier_llama-2-13b-chat-hf_biomedical_base_direct - INFO - 使用单一推理模式
2025-07-22 20:44:35,899 - MedicalClassifier_llama-2-13b-chat-hf_biomedical_base_direct - INFO - 开始批量推理...
2025-07-22 20:44:35,900 - MedicalClassifier_llama-2-13b-chat-hf_biomedical_base_direct - INFO - 开始运行评估实验...
2025-07-22 20:44:35,900 - MedicalClassifier_llama-2-13b-chat-hf_biomedical_base_direct - INFO - 实验配置:
2025-07-22 20:44:35,900 - MedicalClassifier_llama-2-13b-chat-hf_biomedical_base_direct - INFO -   - 基础模型: /mnt/data1/FT/inspire_data_prep/models/ydyajyA/Llama-2-13b-chat-hf
2025-07-22 20:44:35,900 - MedicalClassifier_llama-2-13b-chat-hf_biomedical_base_direct - INFO -   - 使用LoRA: False
2025-07-22 20:44:35,900 - MedicalClassifier_llama-2-13b-chat-hf_biomedical_base_direct - INFO -   - 数据集: biomedical
2025-07-22 20:44:35,900 - MedicalClassifier_llama-2-13b-chat-hf_biomedical_base_direct - INFO -   - 数据路径: /mnt/data1/TC/TextClassDemo/data/Biomedical/Biomedical_Test_Cxx.json
2025-07-22 20:44:35,900 - MedicalClassifier_llama-2-13b-chat-hf_biomedical_base_direct - INFO - ================================================================================
2025-07-22 20:44:35,900 - MedicalClassifier_llama-2-13b-chat-hf_biomedical_base_direct - INFO - 开始加载模型和tokenizer...
2025-07-22 20:44:35,900 - MedicalClassifier_llama-2-13b-chat-hf_biomedical_base_direct - INFO - 基础模型路径: /mnt/data1/FT/inspire_data_prep/models/ydyajyA/Llama-2-13b-chat-hf
2025-07-22 20:44:35,900 - MedicalClassifier_llama-2-13b-chat-hf_biomedical_base_direct - INFO - 是否使用LoRA: False
2025-07-22 20:44:35,900 - MedicalClassifier_llama-2-13b-chat-hf_biomedical_base_direct - INFO - ================================================================================
2025-07-22 20:44:35,900 - MedicalClassifier_llama-2-13b-chat-hf_biomedical_base_direct - INFO - 非70B模型，当前为多进程，采用数据并行（device_map=None）
2025-07-22 20:44:35,900 - MedicalClassifier_llama-2-13b-chat-hf_biomedical_base_direct - INFO - 正在加载tokenizer: /mnt/data1/FT/inspire_data_prep/models/ydyajyA/Llama-2-13b-chat-hf
2025-07-22 20:44:35,951 - MedicalClassifier_llama-2-13b-chat-hf_biomedical_base_direct - INFO - 开始运行评估实验...
2025-07-22 20:44:35,951 - MedicalClassifier_llama-2-13b-chat-hf_biomedical_base_direct - INFO - 实验配置:
2025-07-22 20:44:35,951 - MedicalClassifier_llama-2-13b-chat-hf_biomedical_base_direct - INFO -   - 基础模型: /mnt/data1/FT/inspire_data_prep/models/ydyajyA/Llama-2-13b-chat-hf
2025-07-22 20:44:35,951 - MedicalClassifier_llama-2-13b-chat-hf_biomedical_base_direct - INFO -   - 使用LoRA: False
2025-07-22 20:44:35,952 - MedicalClassifier_llama-2-13b-chat-hf_biomedical_base_direct - INFO -   - 数据集: biomedical
2025-07-22 20:44:35,952 - MedicalClassifier_llama-2-13b-chat-hf_biomedical_base_direct - INFO -   - 数据路径: /mnt/data1/TC/TextClassDemo/data/Biomedical/Biomedical_Test_Cxx.json
2025-07-22 20:44:35,952 - MedicalClassifier_llama-2-13b-chat-hf_biomedical_base_direct - INFO - ================================================================================
2025-07-22 20:44:35,952 - MedicalClassifier_llama-2-13b-chat-hf_biomedical_base_direct - INFO - 开始加载模型和tokenizer...
2025-07-22 20:44:35,952 - MedicalClassifier_llama-2-13b-chat-hf_biomedical_base_direct - INFO - 基础模型路径: /mnt/data1/FT/inspire_data_prep/models/ydyajyA/Llama-2-13b-chat-hf
2025-07-22 20:44:35,952 - MedicalClassifier_llama-2-13b-chat-hf_biomedical_base_direct - INFO - 是否使用LoRA: False
2025-07-22 20:44:35,952 - MedicalClassifier_llama-2-13b-chat-hf_biomedical_base_direct - INFO - ================================================================================
2025-07-22 20:44:35,952 - MedicalClassifier_llama-2-13b-chat-hf_biomedical_base_direct - INFO - 非70B模型，当前为多进程，采用数据并行（device_map=None）
2025-07-22 20:44:35,952 - MedicalClassifier_llama-2-13b-chat-hf_biomedical_base_direct - INFO - 正在加载tokenizer: /mnt/data1/FT/inspire_data_prep/models/ydyajyA/Llama-2-13b-chat-hf
2025-07-22 20:44:36,114 - MedicalClassifier_llama-2-13b-chat-hf_biomedical_base_direct - INFO - Tokenizer加载完成
2025-07-22 20:44:36,115 - MedicalClassifier_llama-2-13b-chat-hf_biomedical_base_direct - INFO - Chat template: {% if messages[0]['role'] == 'system' %}{% set loop_messages = messages[1:] %}{% set system_message = messages[0]['content'] %}{% else %}{% set loop_messages = messages %}{% set system_message = false %}{% endif %}{% for message in loop_messages %}{% if (message['role'] == 'user') != (loop.index0 % 2 == 0) %}{{ raise_exception('Conversation roles must alternate user/assistant/user/assistant/...') }}{% endif %}{% if loop.index0 == 0 and system_message != false %}{% set content = '<<SYS>>\n' + system_message + '\n<</SYS>>\n\n' + message['content'] %}{% else %}{% set content = message['content'] %}{% endif %}{% if message['role'] == 'user' %}{{ bos_token + '[INST] ' + content.strip() + ' [/INST]' }}{% elif message['role'] == 'assistant' %}{{ ' '  + content.strip() + ' ' + eos_token }}{% endif %}{% endfor %}
2025-07-22 20:44:36,115 - MedicalClassifier_llama-2-13b-chat-hf_biomedical_base_direct - INFO - 检测到Llama模型，使用chat_template
2025-07-22 20:44:36,115 - MedicalClassifier_llama-2-13b-chat-hf_biomedical_base_direct - INFO - 模板策略: chat_template
2025-07-22 20:44:36,115 - MedicalClassifier_llama-2-13b-chat-hf_biomedical_base_direct - INFO - 正在加载基础模型: /mnt/data1/FT/inspire_data_prep/models/ydyajyA/Llama-2-13b-chat-hf
2025-07-22 20:44:36,219 - MedicalClassifier_llama-2-13b-chat-hf_biomedical_base_direct - INFO - Tokenizer加载完成
2025-07-22 20:44:36,219 - MedicalClassifier_llama-2-13b-chat-hf_biomedical_base_direct - INFO - Chat template: {% if messages[0]['role'] == 'system' %}{% set loop_messages = messages[1:] %}{% set system_message = messages[0]['content'] %}{% else %}{% set loop_messages = messages %}{% set system_message = false %}{% endif %}{% for message in loop_messages %}{% if (message['role'] == 'user') != (loop.index0 % 2 == 0) %}{{ raise_exception('Conversation roles must alternate user/assistant/user/assistant/...') }}{% endif %}{% if loop.index0 == 0 and system_message != false %}{% set content = '<<SYS>>\n' + system_message + '\n<</SYS>>\n\n' + message['content'] %}{% else %}{% set content = message['content'] %}{% endif %}{% if message['role'] == 'user' %}{{ bos_token + '[INST] ' + content.strip() + ' [/INST]' }}{% elif message['role'] == 'assistant' %}{{ ' '  + content.strip() + ' ' + eos_token }}{% endif %}{% endfor %}
2025-07-22 20:44:36,220 - MedicalClassifier_llama-2-13b-chat-hf_biomedical_base_direct - INFO - 检测到Llama模型，使用chat_template
2025-07-22 20:44:36,220 - MedicalClassifier_llama-2-13b-chat-hf_biomedical_base_direct - INFO - 模板策略: chat_template
2025-07-22 20:44:36,220 - MedicalClassifier_llama-2-13b-chat-hf_biomedical_base_direct - INFO - 正在加载基础模型: /mnt/data1/FT/inspire_data_prep/models/ydyajyA/Llama-2-13b-chat-hf
2025-07-22 20:44:36,244 - MedicalClassifier_llama-2-13b-chat-hf_biomedical_base_direct - INFO - Tokenizer加载完成
2025-07-22 20:44:36,244 - MedicalClassifier_llama-2-13b-chat-hf_biomedical_base_direct - INFO - Chat template: {% if messages[0]['role'] == 'system' %}{% set loop_messages = messages[1:] %}{% set system_message = messages[0]['content'] %}{% else %}{% set loop_messages = messages %}{% set system_message = false %}{% endif %}{% for message in loop_messages %}{% if (message['role'] == 'user') != (loop.index0 % 2 == 0) %}{{ raise_exception('Conversation roles must alternate user/assistant/user/assistant/...') }}{% endif %}{% if loop.index0 == 0 and system_message != false %}{% set content = '<<SYS>>\n' + system_message + '\n<</SYS>>\n\n' + message['content'] %}{% else %}{% set content = message['content'] %}{% endif %}{% if message['role'] == 'user' %}{{ bos_token + '[INST] ' + content.strip() + ' [/INST]' }}{% elif message['role'] == 'assistant' %}{{ ' '  + content.strip() + ' ' + eos_token }}{% endif %}{% endfor %}
2025-07-22 20:44:36,244 - MedicalClassifier_llama-2-13b-chat-hf_biomedical_base_direct - INFO - 检测到Llama模型，使用chat_template
2025-07-22 20:44:36,244 - MedicalClassifier_llama-2-13b-chat-hf_biomedical_base_direct - INFO - 模板策略: chat_template
2025-07-22 20:44:36,244 - MedicalClassifier_llama-2-13b-chat-hf_biomedical_base_direct - INFO - 正在加载基础模型: /mnt/data1/FT/inspire_data_prep/models/ydyajyA/Llama-2-13b-chat-hf
2025-07-22 20:44:36,284 - MedicalClassifier_llama-2-13b-chat-hf_biomedical_base_direct - INFO - Tokenizer加载完成
2025-07-22 20:44:36,284 - MedicalClassifier_llama-2-13b-chat-hf_biomedical_base_direct - INFO - Chat template: {% if messages[0]['role'] == 'system' %}{% set loop_messages = messages[1:] %}{% set system_message = messages[0]['content'] %}{% else %}{% set loop_messages = messages %}{% set system_message = false %}{% endif %}{% for message in loop_messages %}{% if (message['role'] == 'user') != (loop.index0 % 2 == 0) %}{{ raise_exception('Conversation roles must alternate user/assistant/user/assistant/...') }}{% endif %}{% if loop.index0 == 0 and system_message != false %}{% set content = '<<SYS>>\n' + system_message + '\n<</SYS>>\n\n' + message['content'] %}{% else %}{% set content = message['content'] %}{% endif %}{% if message['role'] == 'user' %}{{ bos_token + '[INST] ' + content.strip() + ' [/INST]' }}{% elif message['role'] == 'assistant' %}{{ ' '  + content.strip() + ' ' + eos_token }}{% endif %}{% endfor %}
2025-07-22 20:44:36,284 - MedicalClassifier_llama-2-13b-chat-hf_biomedical_base_direct - INFO - 检测到Llama模型，使用chat_template
2025-07-22 20:44:36,284 - MedicalClassifier_llama-2-13b-chat-hf_biomedical_base_direct - INFO - 模板策略: chat_template
2025-07-22 20:44:36,284 - MedicalClassifier_llama-2-13b-chat-hf_biomedical_base_direct - INFO - 正在加载基础模型: /mnt/data1/FT/inspire_data_prep/models/ydyajyA/Llama-2-13b-chat-hf
2025-07-22 20:44:36,299 - MedicalClassifier_llama-2-13b-chat-hf_biomedical_base_direct - INFO - Tokenizer加载完成
2025-07-22 20:44:36,299 - MedicalClassifier_llama-2-13b-chat-hf_biomedical_base_direct - INFO - Chat template: {% if messages[0]['role'] == 'system' %}{% set loop_messages = messages[1:] %}{% set system_message = messages[0]['content'] %}{% else %}{% set loop_messages = messages %}{% set system_message = false %}{% endif %}{% for message in loop_messages %}{% if (message['role'] == 'user') != (loop.index0 % 2 == 0) %}{{ raise_exception('Conversation roles must alternate user/assistant/user/assistant/...') }}{% endif %}{% if loop.index0 == 0 and system_message != false %}{% set content = '<<SYS>>\n' + system_message + '\n<</SYS>>\n\n' + message['content'] %}{% else %}{% set content = message['content'] %}{% endif %}{% if message['role'] == 'user' %}{{ bos_token + '[INST] ' + content.strip() + ' [/INST]' }}{% elif message['role'] == 'assistant' %}{{ ' '  + content.strip() + ' ' + eos_token }}{% endif %}{% endfor %}
2025-07-22 20:44:36,299 - MedicalClassifier_llama-2-13b-chat-hf_biomedical_base_direct - INFO - 检测到Llama模型，使用chat_template
2025-07-22 20:44:36,299 - MedicalClassifier_llama-2-13b-chat-hf_biomedical_base_direct - INFO - 模板策略: chat_template
2025-07-22 20:44:36,299 - MedicalClassifier_llama-2-13b-chat-hf_biomedical_base_direct - INFO - 正在加载基础模型: /mnt/data1/FT/inspire_data_prep/models/ydyajyA/Llama-2-13b-chat-hf
2025-07-22 20:44:36,646 - MedicalClassifier_llama-2-13b-chat-hf_biomedical_base_direct - INFO - 基础模型加载完成
2025-07-22 20:44:36,646 - MedicalClassifier_llama-2-13b-chat-hf_biomedical_base_direct - INFO - 使用基础模型，不加载LoRA适配器
2025-07-22 20:44:36,649 - MedicalClassifier_llama-2-13b-chat-hf_biomedical_base_direct - INFO - ================================================================================
2025-07-22 20:44:36,650 - MedicalClassifier_llama-2-13b-chat-hf_biomedical_base_direct - INFO - 模型加载完成！
2025-07-22 20:44:36,650 - MedicalClassifier_llama-2-13b-chat-hf_biomedical_base_direct - INFO - 最终使用的模型: 基础模型
2025-07-22 20:44:36,650 - MedicalClassifier_llama-2-13b-chat-hf_biomedical_base_direct - INFO - 模型路径: /mnt/data1/FT/inspire_data_prep/models/ydyajyA/Llama-2-13b-chat-hf
2025-07-22 20:44:36,650 - MedicalClassifier_llama-2-13b-chat-hf_biomedical_base_direct - INFO - 模板策略: chat_template
2025-07-22 20:44:36,650 - MedicalClassifier_llama-2-13b-chat-hf_biomedical_base_direct - INFO - ================================================================================
2025-07-22 20:44:36,650 - MedicalClassifier_llama-2-13b-chat-hf_biomedical_base_direct - INFO - 加载数据集: /mnt/data1/TC/TextClassDemo/data/Biomedical/Biomedical_Test_Cxx.json
2025-07-22 20:44:36,708 - MedicalClassifier_llama-2-13b-chat-hf_biomedical_base_direct - INFO - 使用单一推理模式
2025-07-22 20:44:36,708 - MedicalClassifier_llama-2-13b-chat-hf_biomedical_base_direct - INFO - 开始批量推理...
2025-07-22 20:44:36,753 - MedicalClassifier_llama-2-13b-chat-hf_biomedical_base_direct - INFO - 基础模型加载完成
2025-07-22 20:44:36,753 - MedicalClassifier_llama-2-13b-chat-hf_biomedical_base_direct - INFO - 使用基础模型，不加载LoRA适配器
2025-07-22 20:44:36,756 - MedicalClassifier_llama-2-13b-chat-hf_biomedical_base_direct - INFO - ================================================================================
2025-07-22 20:44:36,756 - MedicalClassifier_llama-2-13b-chat-hf_biomedical_base_direct - INFO - 模型加载完成！
2025-07-22 20:44:36,756 - MedicalClassifier_llama-2-13b-chat-hf_biomedical_base_direct - INFO - 最终使用的模型: 基础模型
2025-07-22 20:44:36,756 - MedicalClassifier_llama-2-13b-chat-hf_biomedical_base_direct - INFO - 模型路径: /mnt/data1/FT/inspire_data_prep/models/ydyajyA/Llama-2-13b-chat-hf
2025-07-22 20:44:36,756 - MedicalClassifier_llama-2-13b-chat-hf_biomedical_base_direct - INFO - 模板策略: chat_template
2025-07-22 20:44:36,757 - MedicalClassifier_llama-2-13b-chat-hf_biomedical_base_direct - INFO - ================================================================================
2025-07-22 20:44:36,757 - MedicalClassifier_llama-2-13b-chat-hf_biomedical_base_direct - INFO - 加载数据集: /mnt/data1/TC/TextClassDemo/data/Biomedical/Biomedical_Test_Cxx.json
2025-07-22 20:44:36,772 - MedicalClassifier_llama-2-13b-chat-hf_biomedical_base_direct - INFO - 基础模型加载完成
2025-07-22 20:44:36,773 - MedicalClassifier_llama-2-13b-chat-hf_biomedical_base_direct - INFO - 使用基础模型，不加载LoRA适配器
2025-07-22 20:44:36,776 - MedicalClassifier_llama-2-13b-chat-hf_biomedical_base_direct - INFO - ================================================================================
2025-07-22 20:44:36,776 - MedicalClassifier_llama-2-13b-chat-hf_biomedical_base_direct - INFO - 模型加载完成！
2025-07-22 20:44:36,776 - MedicalClassifier_llama-2-13b-chat-hf_biomedical_base_direct - INFO - 最终使用的模型: 基础模型
2025-07-22 20:44:36,776 - MedicalClassifier_llama-2-13b-chat-hf_biomedical_base_direct - INFO - 模型路径: /mnt/data1/FT/inspire_data_prep/models/ydyajyA/Llama-2-13b-chat-hf
2025-07-22 20:44:36,776 - MedicalClassifier_llama-2-13b-chat-hf_biomedical_base_direct - INFO - 模板策略: chat_template
2025-07-22 20:44:36,776 - MedicalClassifier_llama-2-13b-chat-hf_biomedical_base_direct - INFO - ================================================================================
2025-07-22 20:44:36,776 - MedicalClassifier_llama-2-13b-chat-hf_biomedical_base_direct - INFO - 加载数据集: /mnt/data1/TC/TextClassDemo/data/Biomedical/Biomedical_Test_Cxx.json
2025-07-22 20:44:36,813 - MedicalClassifier_llama-2-13b-chat-hf_biomedical_base_direct - INFO - 使用单一推理模式
2025-07-22 20:44:36,813 - MedicalClassifier_llama-2-13b-chat-hf_biomedical_base_direct - INFO - 开始批量推理...
2025-07-22 20:44:36,823 - MedicalClassifier_llama-2-13b-chat-hf_biomedical_base_direct - INFO - 基础模型加载完成
2025-07-22 20:44:36,823 - MedicalClassifier_llama-2-13b-chat-hf_biomedical_base_direct - INFO - 使用基础模型，不加载LoRA适配器
2025-07-22 20:44:36,827 - MedicalClassifier_llama-2-13b-chat-hf_biomedical_base_direct - INFO - ================================================================================
2025-07-22 20:44:36,827 - MedicalClassifier_llama-2-13b-chat-hf_biomedical_base_direct - INFO - 模型加载完成！
2025-07-22 20:44:36,827 - MedicalClassifier_llama-2-13b-chat-hf_biomedical_base_direct - INFO - 最终使用的模型: 基础模型
2025-07-22 20:44:36,827 - MedicalClassifier_llama-2-13b-chat-hf_biomedical_base_direct - INFO - 模型路径: /mnt/data1/FT/inspire_data_prep/models/ydyajyA/Llama-2-13b-chat-hf
2025-07-22 20:44:36,827 - MedicalClassifier_llama-2-13b-chat-hf_biomedical_base_direct - INFO - 模板策略: chat_template
2025-07-22 20:44:36,827 - MedicalClassifier_llama-2-13b-chat-hf_biomedical_base_direct - INFO - ================================================================================
2025-07-22 20:44:36,827 - MedicalClassifier_llama-2-13b-chat-hf_biomedical_base_direct - INFO - 加载数据集: /mnt/data1/TC/TextClassDemo/data/Biomedical/Biomedical_Test_Cxx.json
2025-07-22 20:44:36,834 - MedicalClassifier_llama-2-13b-chat-hf_biomedical_base_direct - INFO - 使用单一推理模式
2025-07-22 20:44:36,834 - MedicalClassifier_llama-2-13b-chat-hf_biomedical_base_direct - INFO - 基础模型加载完成
2025-07-22 20:44:36,834 - MedicalClassifier_llama-2-13b-chat-hf_biomedical_base_direct - INFO - 使用基础模型，不加载LoRA适配器
2025-07-22 20:44:36,834 - MedicalClassifier_llama-2-13b-chat-hf_biomedical_base_direct - INFO - 开始批量推理...
2025-07-22 20:44:36,837 - MedicalClassifier_llama-2-13b-chat-hf_biomedical_base_direct - INFO - ================================================================================
2025-07-22 20:44:36,838 - MedicalClassifier_llama-2-13b-chat-hf_biomedical_base_direct - INFO - 模型加载完成！
2025-07-22 20:44:36,838 - MedicalClassifier_llama-2-13b-chat-hf_biomedical_base_direct - INFO - 最终使用的模型: 基础模型
2025-07-22 20:44:36,838 - MedicalClassifier_llama-2-13b-chat-hf_biomedical_base_direct - INFO - 模型路径: /mnt/data1/FT/inspire_data_prep/models/ydyajyA/Llama-2-13b-chat-hf
2025-07-22 20:44:36,838 - MedicalClassifier_llama-2-13b-chat-hf_biomedical_base_direct - INFO - 模板策略: chat_template
2025-07-22 20:44:36,838 - MedicalClassifier_llama-2-13b-chat-hf_biomedical_base_direct - INFO - ================================================================================
2025-07-22 20:44:36,838 - MedicalClassifier_llama-2-13b-chat-hf_biomedical_base_direct - INFO - 加载数据集: /mnt/data1/TC/TextClassDemo/data/Biomedical/Biomedical_Test_Cxx.json
2025-07-22 20:44:36,884 - MedicalClassifier_llama-2-13b-chat-hf_biomedical_base_direct - INFO - 使用单一推理模式
2025-07-22 20:44:36,884 - MedicalClassifier_llama-2-13b-chat-hf_biomedical_base_direct - INFO - 开始批量推理...
2025-07-22 20:44:36,886 - MedicalClassifier_llama-2-13b-chat-hf_biomedical_base_direct - INFO - 使用单一推理模式
2025-07-22 20:44:36,886 - MedicalClassifier_llama-2-13b-chat-hf_biomedical_base_direct - INFO - 开始批量推理...
2025-07-22 20:47:57,816 - MedicalClassifier_llama-2-13b-chat-hf_biomedical_base_direct - INFO - 开始运行评估实验...
2025-07-22 20:47:57,816 - MedicalClassifier_llama-2-13b-chat-hf_biomedical_base_direct - INFO - 实验配置:
2025-07-22 20:47:57,816 - MedicalClassifier_llama-2-13b-chat-hf_biomedical_base_direct - INFO -   - 基础模型: /mnt/data1/FT/inspire_data_prep/models/ydyajyA/Llama-2-13b-chat-hf
2025-07-22 20:47:57,816 - MedicalClassifier_llama-2-13b-chat-hf_biomedical_base_direct - INFO -   - 使用LoRA: False
2025-07-22 20:47:57,816 - MedicalClassifier_llama-2-13b-chat-hf_biomedical_base_direct - INFO -   - 数据集: biomedical
2025-07-22 20:47:57,816 - MedicalClassifier_llama-2-13b-chat-hf_biomedical_base_direct - INFO -   - 数据路径: /mnt/data1/TC/TextClassDemo/data/Biomedical/Biomedical_Test_Cxx.json
2025-07-22 20:47:57,816 - MedicalClassifier_llama-2-13b-chat-hf_biomedical_base_direct - INFO - ================================================================================
2025-07-22 20:47:57,816 - MedicalClassifier_llama-2-13b-chat-hf_biomedical_base_direct - INFO - 开始加载模型和tokenizer...
2025-07-22 20:47:57,816 - MedicalClassifier_llama-2-13b-chat-hf_biomedical_base_direct - INFO - 基础模型路径: /mnt/data1/FT/inspire_data_prep/models/ydyajyA/Llama-2-13b-chat-hf
2025-07-22 20:47:57,816 - MedicalClassifier_llama-2-13b-chat-hf_biomedical_base_direct - INFO - 是否使用LoRA: False
2025-07-22 20:47:57,817 - MedicalClassifier_llama-2-13b-chat-hf_biomedical_base_direct - INFO - ================================================================================
2025-07-22 20:47:57,817 - MedicalClassifier_llama-2-13b-chat-hf_biomedical_base_direct - INFO - 非70B模型，当前为多进程，采用数据并行（device_map=None）
2025-07-22 20:47:57,817 - MedicalClassifier_llama-2-13b-chat-hf_biomedical_base_direct - INFO - 正在加载tokenizer: /mnt/data1/FT/inspire_data_prep/models/ydyajyA/Llama-2-13b-chat-hf
2025-07-22 20:47:58,109 - MedicalClassifier_llama-2-13b-chat-hf_biomedical_base_direct - INFO - Tokenizer加载完成
2025-07-22 20:47:58,109 - MedicalClassifier_llama-2-13b-chat-hf_biomedical_base_direct - INFO - Chat template: {% if messages[0]['role'] == 'system' %}{% set loop_messages = messages[1:] %}{% set system_message = messages[0]['content'] %}{% else %}{% set loop_messages = messages %}{% set system_message = false %}{% endif %}{% for message in loop_messages %}{% if (message['role'] == 'user') != (loop.index0 % 2 == 0) %}{{ raise_exception('Conversation roles must alternate user/assistant/user/assistant/...') }}{% endif %}{% if loop.index0 == 0 and system_message != false %}{% set content = '<<SYS>>\n' + system_message + '\n<</SYS>>\n\n' + message['content'] %}{% else %}{% set content = message['content'] %}{% endif %}{% if message['role'] == 'user' %}{{ bos_token + '[INST] ' + content.strip() + ' [/INST]' }}{% elif message['role'] == 'assistant' %}{{ ' '  + content.strip() + ' ' + eos_token }}{% endif %}{% endfor %}
2025-07-22 20:47:58,109 - MedicalClassifier_llama-2-13b-chat-hf_biomedical_base_direct - INFO - 检测到Llama模型，使用chat_template
2025-07-22 20:47:58,109 - MedicalClassifier_llama-2-13b-chat-hf_biomedical_base_direct - INFO - 模板策略: chat_template
2025-07-22 20:47:58,109 - MedicalClassifier_llama-2-13b-chat-hf_biomedical_base_direct - INFO - 正在加载基础模型: /mnt/data1/FT/inspire_data_prep/models/ydyajyA/Llama-2-13b-chat-hf
2025-07-22 20:47:58,218 - MedicalClassifier_llama-2-13b-chat-hf_biomedical_base_direct - INFO - 开始运行评估实验...
2025-07-22 20:47:58,218 - MedicalClassifier_llama-2-13b-chat-hf_biomedical_base_direct - INFO - 实验配置:
2025-07-22 20:47:58,218 - MedicalClassifier_llama-2-13b-chat-hf_biomedical_base_direct - INFO -   - 基础模型: /mnt/data1/FT/inspire_data_prep/models/ydyajyA/Llama-2-13b-chat-hf
2025-07-22 20:47:58,218 - MedicalClassifier_llama-2-13b-chat-hf_biomedical_base_direct - INFO -   - 使用LoRA: False
2025-07-22 20:47:58,218 - MedicalClassifier_llama-2-13b-chat-hf_biomedical_base_direct - INFO -   - 数据集: biomedical
2025-07-22 20:47:58,218 - MedicalClassifier_llama-2-13b-chat-hf_biomedical_base_direct - INFO -   - 数据路径: /mnt/data1/TC/TextClassDemo/data/Biomedical/Biomedical_Test_Cxx.json
2025-07-22 20:47:58,218 - MedicalClassifier_llama-2-13b-chat-hf_biomedical_base_direct - INFO - ================================================================================
2025-07-22 20:47:58,218 - MedicalClassifier_llama-2-13b-chat-hf_biomedical_base_direct - INFO - 开始加载模型和tokenizer...
2025-07-22 20:47:58,218 - MedicalClassifier_llama-2-13b-chat-hf_biomedical_base_direct - INFO - 基础模型路径: /mnt/data1/FT/inspire_data_prep/models/ydyajyA/Llama-2-13b-chat-hf
2025-07-22 20:47:58,218 - MedicalClassifier_llama-2-13b-chat-hf_biomedical_base_direct - INFO - 是否使用LoRA: False
2025-07-22 20:47:58,219 - MedicalClassifier_llama-2-13b-chat-hf_biomedical_base_direct - INFO - ================================================================================
2025-07-22 20:47:58,219 - MedicalClassifier_llama-2-13b-chat-hf_biomedical_base_direct - INFO - 非70B模型，当前为多进程，采用数据并行（device_map=None）
2025-07-22 20:47:58,219 - MedicalClassifier_llama-2-13b-chat-hf_biomedical_base_direct - INFO - 正在加载tokenizer: /mnt/data1/FT/inspire_data_prep/models/ydyajyA/Llama-2-13b-chat-hf
2025-07-22 20:47:58,236 - MedicalClassifier_llama-2-13b-chat-hf_biomedical_base_direct - INFO - 开始运行评估实验...
2025-07-22 20:47:58,236 - MedicalClassifier_llama-2-13b-chat-hf_biomedical_base_direct - INFO - 实验配置:
2025-07-22 20:47:58,237 - MedicalClassifier_llama-2-13b-chat-hf_biomedical_base_direct - INFO -   - 基础模型: /mnt/data1/FT/inspire_data_prep/models/ydyajyA/Llama-2-13b-chat-hf
2025-07-22 20:47:58,237 - MedicalClassifier_llama-2-13b-chat-hf_biomedical_base_direct - INFO -   - 使用LoRA: False
2025-07-22 20:47:58,237 - MedicalClassifier_llama-2-13b-chat-hf_biomedical_base_direct - INFO -   - 数据集: biomedical
2025-07-22 20:47:58,237 - MedicalClassifier_llama-2-13b-chat-hf_biomedical_base_direct - INFO -   - 数据路径: /mnt/data1/TC/TextClassDemo/data/Biomedical/Biomedical_Test_Cxx.json
2025-07-22 20:47:58,237 - MedicalClassifier_llama-2-13b-chat-hf_biomedical_base_direct - INFO - ================================================================================
2025-07-22 20:47:58,237 - MedicalClassifier_llama-2-13b-chat-hf_biomedical_base_direct - INFO - 开始加载模型和tokenizer...
2025-07-22 20:47:58,237 - MedicalClassifier_llama-2-13b-chat-hf_biomedical_base_direct - INFO - 基础模型路径: /mnt/data1/FT/inspire_data_prep/models/ydyajyA/Llama-2-13b-chat-hf
2025-07-22 20:47:58,237 - MedicalClassifier_llama-2-13b-chat-hf_biomedical_base_direct - INFO - 是否使用LoRA: False
2025-07-22 20:47:58,237 - MedicalClassifier_llama-2-13b-chat-hf_biomedical_base_direct - INFO - ================================================================================
2025-07-22 20:47:58,237 - MedicalClassifier_llama-2-13b-chat-hf_biomedical_base_direct - INFO - 非70B模型，当前为多进程，采用数据并行（device_map=None）
2025-07-22 20:47:58,237 - MedicalClassifier_llama-2-13b-chat-hf_biomedical_base_direct - INFO - 正在加载tokenizer: /mnt/data1/FT/inspire_data_prep/models/ydyajyA/Llama-2-13b-chat-hf
2025-07-22 20:47:58,396 - MedicalClassifier_llama-2-13b-chat-hf_biomedical_base_direct - INFO - Tokenizer加载完成
2025-07-22 20:47:58,396 - MedicalClassifier_llama-2-13b-chat-hf_biomedical_base_direct - INFO - Chat template: {% if messages[0]['role'] == 'system' %}{% set loop_messages = messages[1:] %}{% set system_message = messages[0]['content'] %}{% else %}{% set loop_messages = messages %}{% set system_message = false %}{% endif %}{% for message in loop_messages %}{% if (message['role'] == 'user') != (loop.index0 % 2 == 0) %}{{ raise_exception('Conversation roles must alternate user/assistant/user/assistant/...') }}{% endif %}{% if loop.index0 == 0 and system_message != false %}{% set content = '<<SYS>>\n' + system_message + '\n<</SYS>>\n\n' + message['content'] %}{% else %}{% set content = message['content'] %}{% endif %}{% if message['role'] == 'user' %}{{ bos_token + '[INST] ' + content.strip() + ' [/INST]' }}{% elif message['role'] == 'assistant' %}{{ ' '  + content.strip() + ' ' + eos_token }}{% endif %}{% endfor %}
2025-07-22 20:47:58,396 - MedicalClassifier_llama-2-13b-chat-hf_biomedical_base_direct - INFO - 检测到Llama模型，使用chat_template
2025-07-22 20:47:58,396 - MedicalClassifier_llama-2-13b-chat-hf_biomedical_base_direct - INFO - 模板策略: chat_template
2025-07-22 20:47:58,396 - MedicalClassifier_llama-2-13b-chat-hf_biomedical_base_direct - INFO - 正在加载基础模型: /mnt/data1/FT/inspire_data_prep/models/ydyajyA/Llama-2-13b-chat-hf
2025-07-22 20:47:58,419 - MedicalClassifier_llama-2-13b-chat-hf_biomedical_base_direct - INFO - Tokenizer加载完成
2025-07-22 20:47:58,419 - MedicalClassifier_llama-2-13b-chat-hf_biomedical_base_direct - INFO - Chat template: {% if messages[0]['role'] == 'system' %}{% set loop_messages = messages[1:] %}{% set system_message = messages[0]['content'] %}{% else %}{% set loop_messages = messages %}{% set system_message = false %}{% endif %}{% for message in loop_messages %}{% if (message['role'] == 'user') != (loop.index0 % 2 == 0) %}{{ raise_exception('Conversation roles must alternate user/assistant/user/assistant/...') }}{% endif %}{% if loop.index0 == 0 and system_message != false %}{% set content = '<<SYS>>\n' + system_message + '\n<</SYS>>\n\n' + message['content'] %}{% else %}{% set content = message['content'] %}{% endif %}{% if message['role'] == 'user' %}{{ bos_token + '[INST] ' + content.strip() + ' [/INST]' }}{% elif message['role'] == 'assistant' %}{{ ' '  + content.strip() + ' ' + eos_token }}{% endif %}{% endfor %}
2025-07-22 20:47:58,419 - MedicalClassifier_llama-2-13b-chat-hf_biomedical_base_direct - INFO - 检测到Llama模型，使用chat_template
2025-07-22 20:47:58,419 - MedicalClassifier_llama-2-13b-chat-hf_biomedical_base_direct - INFO - 模板策略: chat_template
2025-07-22 20:47:58,419 - MedicalClassifier_llama-2-13b-chat-hf_biomedical_base_direct - INFO - 正在加载基础模型: /mnt/data1/FT/inspire_data_prep/models/ydyajyA/Llama-2-13b-chat-hf
2025-07-22 20:47:58,502 - MedicalClassifier_llama-2-13b-chat-hf_biomedical_base_direct - INFO - 开始运行评估实验...
2025-07-22 20:47:58,502 - MedicalClassifier_llama-2-13b-chat-hf_biomedical_base_direct - INFO - 实验配置:
2025-07-22 20:47:58,502 - MedicalClassifier_llama-2-13b-chat-hf_biomedical_base_direct - INFO -   - 基础模型: /mnt/data1/FT/inspire_data_prep/models/ydyajyA/Llama-2-13b-chat-hf
2025-07-22 20:47:58,502 - MedicalClassifier_llama-2-13b-chat-hf_biomedical_base_direct - INFO -   - 使用LoRA: False
2025-07-22 20:47:58,502 - MedicalClassifier_llama-2-13b-chat-hf_biomedical_base_direct - INFO -   - 数据集: biomedical
2025-07-22 20:47:58,502 - MedicalClassifier_llama-2-13b-chat-hf_biomedical_base_direct - INFO -   - 数据路径: /mnt/data1/TC/TextClassDemo/data/Biomedical/Biomedical_Test_Cxx.json
2025-07-22 20:47:58,502 - MedicalClassifier_llama-2-13b-chat-hf_biomedical_base_direct - INFO - ================================================================================
2025-07-22 20:47:58,502 - MedicalClassifier_llama-2-13b-chat-hf_biomedical_base_direct - INFO - 开始加载模型和tokenizer...
2025-07-22 20:47:58,502 - MedicalClassifier_llama-2-13b-chat-hf_biomedical_base_direct - INFO - 基础模型路径: /mnt/data1/FT/inspire_data_prep/models/ydyajyA/Llama-2-13b-chat-hf
2025-07-22 20:47:58,502 - MedicalClassifier_llama-2-13b-chat-hf_biomedical_base_direct - INFO - 是否使用LoRA: False
2025-07-22 20:47:58,502 - MedicalClassifier_llama-2-13b-chat-hf_biomedical_base_direct - INFO - ================================================================================
2025-07-22 20:47:58,502 - MedicalClassifier_llama-2-13b-chat-hf_biomedical_base_direct - INFO - 非70B模型，当前为多进程，采用数据并行（device_map=None）
2025-07-22 20:47:58,502 - MedicalClassifier_llama-2-13b-chat-hf_biomedical_base_direct - INFO - 正在加载tokenizer: /mnt/data1/FT/inspire_data_prep/models/ydyajyA/Llama-2-13b-chat-hf
2025-07-22 20:47:58,588 - MedicalClassifier_llama-2-13b-chat-hf_biomedical_base_direct - INFO - 开始运行评估实验...
2025-07-22 20:47:58,588 - MedicalClassifier_llama-2-13b-chat-hf_biomedical_base_direct - INFO - 实验配置:
2025-07-22 20:47:58,588 - MedicalClassifier_llama-2-13b-chat-hf_biomedical_base_direct - INFO -   - 基础模型: /mnt/data1/FT/inspire_data_prep/models/ydyajyA/Llama-2-13b-chat-hf
2025-07-22 20:47:58,588 - MedicalClassifier_llama-2-13b-chat-hf_biomedical_base_direct - INFO -   - 使用LoRA: False
2025-07-22 20:47:58,589 - MedicalClassifier_llama-2-13b-chat-hf_biomedical_base_direct - INFO -   - 数据集: biomedical
2025-07-22 20:47:58,589 - MedicalClassifier_llama-2-13b-chat-hf_biomedical_base_direct - INFO -   - 数据路径: /mnt/data1/TC/TextClassDemo/data/Biomedical/Biomedical_Test_Cxx.json
2025-07-22 20:47:58,589 - MedicalClassifier_llama-2-13b-chat-hf_biomedical_base_direct - INFO - ================================================================================
2025-07-22 20:47:58,589 - MedicalClassifier_llama-2-13b-chat-hf_biomedical_base_direct - INFO - 开始加载模型和tokenizer...
2025-07-22 20:47:58,589 - MedicalClassifier_llama-2-13b-chat-hf_biomedical_base_direct - INFO - 基础模型路径: /mnt/data1/FT/inspire_data_prep/models/ydyajyA/Llama-2-13b-chat-hf
2025-07-22 20:47:58,589 - MedicalClassifier_llama-2-13b-chat-hf_biomedical_base_direct - INFO - 是否使用LoRA: False
2025-07-22 20:47:58,589 - MedicalClassifier_llama-2-13b-chat-hf_biomedical_base_direct - INFO - ================================================================================
2025-07-22 20:47:58,589 - MedicalClassifier_llama-2-13b-chat-hf_biomedical_base_direct - INFO - 非70B模型，当前为多进程，采用数据并行（device_map=None）
2025-07-22 20:47:58,589 - MedicalClassifier_llama-2-13b-chat-hf_biomedical_base_direct - INFO - 正在加载tokenizer: /mnt/data1/FT/inspire_data_prep/models/ydyajyA/Llama-2-13b-chat-hf
2025-07-22 20:47:58,595 - MedicalClassifier_llama-2-13b-chat-hf_biomedical_base_direct - INFO - 开始运行评估实验...
2025-07-22 20:47:58,595 - MedicalClassifier_llama-2-13b-chat-hf_biomedical_base_direct - INFO - 实验配置:
2025-07-22 20:47:58,595 - MedicalClassifier_llama-2-13b-chat-hf_biomedical_base_direct - INFO -   - 基础模型: /mnt/data1/FT/inspire_data_prep/models/ydyajyA/Llama-2-13b-chat-hf
2025-07-22 20:47:58,595 - MedicalClassifier_llama-2-13b-chat-hf_biomedical_base_direct - INFO -   - 使用LoRA: False
2025-07-22 20:47:58,595 - MedicalClassifier_llama-2-13b-chat-hf_biomedical_base_direct - INFO -   - 数据集: biomedical
2025-07-22 20:47:58,595 - MedicalClassifier_llama-2-13b-chat-hf_biomedical_base_direct - INFO -   - 数据路径: /mnt/data1/TC/TextClassDemo/data/Biomedical/Biomedical_Test_Cxx.json
2025-07-22 20:47:58,595 - MedicalClassifier_llama-2-13b-chat-hf_biomedical_base_direct - INFO - ================================================================================
2025-07-22 20:47:58,595 - MedicalClassifier_llama-2-13b-chat-hf_biomedical_base_direct - INFO - 开始加载模型和tokenizer...
2025-07-22 20:47:58,595 - MedicalClassifier_llama-2-13b-chat-hf_biomedical_base_direct - INFO - 基础模型路径: /mnt/data1/FT/inspire_data_prep/models/ydyajyA/Llama-2-13b-chat-hf
2025-07-22 20:47:58,595 - MedicalClassifier_llama-2-13b-chat-hf_biomedical_base_direct - INFO - 是否使用LoRA: False
2025-07-22 20:47:58,595 - MedicalClassifier_llama-2-13b-chat-hf_biomedical_base_direct - INFO - ================================================================================
2025-07-22 20:47:58,595 - MedicalClassifier_llama-2-13b-chat-hf_biomedical_base_direct - INFO - 非70B模型，当前为多进程，采用数据并行（device_map=None）
2025-07-22 20:47:58,595 - MedicalClassifier_llama-2-13b-chat-hf_biomedical_base_direct - INFO - 正在加载tokenizer: /mnt/data1/FT/inspire_data_prep/models/ydyajyA/Llama-2-13b-chat-hf
2025-07-22 20:47:58,601 - MedicalClassifier_llama-2-13b-chat-hf_biomedical_base_direct - INFO - 基础模型加载完成
2025-07-22 20:47:58,601 - MedicalClassifier_llama-2-13b-chat-hf_biomedical_base_direct - INFO - 使用基础模型，不加载LoRA适配器
2025-07-22 20:47:58,604 - MedicalClassifier_llama-2-13b-chat-hf_biomedical_base_direct - INFO - ================================================================================
2025-07-22 20:47:58,604 - MedicalClassifier_llama-2-13b-chat-hf_biomedical_base_direct - INFO - 模型加载完成！
2025-07-22 20:47:58,604 - MedicalClassifier_llama-2-13b-chat-hf_biomedical_base_direct - INFO - 最终使用的模型: 基础模型
2025-07-22 20:47:58,604 - MedicalClassifier_llama-2-13b-chat-hf_biomedical_base_direct - INFO - 模型路径: /mnt/data1/FT/inspire_data_prep/models/ydyajyA/Llama-2-13b-chat-hf
2025-07-22 20:47:58,604 - MedicalClassifier_llama-2-13b-chat-hf_biomedical_base_direct - INFO - 模板策略: chat_template
2025-07-22 20:47:58,604 - MedicalClassifier_llama-2-13b-chat-hf_biomedical_base_direct - INFO - ================================================================================
2025-07-22 20:47:58,604 - MedicalClassifier_llama-2-13b-chat-hf_biomedical_base_direct - INFO - 加载数据集: /mnt/data1/TC/TextClassDemo/data/Biomedical/Biomedical_Test_Cxx.json
2025-07-22 20:47:58,639 - MedicalClassifier_llama-2-13b-chat-hf_biomedical_base_direct - INFO - 开始运行评估实验...
2025-07-22 20:47:58,639 - MedicalClassifier_llama-2-13b-chat-hf_biomedical_base_direct - INFO - 实验配置:
2025-07-22 20:47:58,639 - MedicalClassifier_llama-2-13b-chat-hf_biomedical_base_direct - INFO -   - 基础模型: /mnt/data1/FT/inspire_data_prep/models/ydyajyA/Llama-2-13b-chat-hf
2025-07-22 20:47:58,639 - MedicalClassifier_llama-2-13b-chat-hf_biomedical_base_direct - INFO -   - 使用LoRA: False
2025-07-22 20:47:58,639 - MedicalClassifier_llama-2-13b-chat-hf_biomedical_base_direct - INFO -   - 数据集: biomedical
2025-07-22 20:47:58,639 - MedicalClassifier_llama-2-13b-chat-hf_biomedical_base_direct - INFO -   - 数据路径: /mnt/data1/TC/TextClassDemo/data/Biomedical/Biomedical_Test_Cxx.json
2025-07-22 20:47:58,639 - MedicalClassifier_llama-2-13b-chat-hf_biomedical_base_direct - INFO - ================================================================================
2025-07-22 20:47:58,639 - MedicalClassifier_llama-2-13b-chat-hf_biomedical_base_direct - INFO - 开始加载模型和tokenizer...
2025-07-22 20:47:58,639 - MedicalClassifier_llama-2-13b-chat-hf_biomedical_base_direct - INFO - 基础模型路径: /mnt/data1/FT/inspire_data_prep/models/ydyajyA/Llama-2-13b-chat-hf
2025-07-22 20:47:58,639 - MedicalClassifier_llama-2-13b-chat-hf_biomedical_base_direct - INFO - 是否使用LoRA: False
2025-07-22 20:47:58,639 - MedicalClassifier_llama-2-13b-chat-hf_biomedical_base_direct - INFO - ================================================================================
2025-07-22 20:47:58,639 - MedicalClassifier_llama-2-13b-chat-hf_biomedical_base_direct - INFO - 非70B模型，当前为多进程，采用数据并行（device_map=None）
2025-07-22 20:47:58,639 - MedicalClassifier_llama-2-13b-chat-hf_biomedical_base_direct - INFO - 正在加载tokenizer: /mnt/data1/FT/inspire_data_prep/models/ydyajyA/Llama-2-13b-chat-hf
2025-07-22 20:47:58,651 - MedicalClassifier_llama-2-13b-chat-hf_biomedical_base_direct - INFO - 使用单一推理模式
2025-07-22 20:47:58,652 - MedicalClassifier_llama-2-13b-chat-hf_biomedical_base_direct - INFO - 开始批量推理...
2025-07-22 20:47:58,701 - MedicalClassifier_llama-2-13b-chat-hf_biomedical_base_direct - INFO - 基础模型加载完成
2025-07-22 20:47:58,701 - MedicalClassifier_llama-2-13b-chat-hf_biomedical_base_direct - INFO - 使用基础模型，不加载LoRA适配器
2025-07-22 20:47:58,703 - MedicalClassifier_llama-2-13b-chat-hf_biomedical_base_direct - INFO - ================================================================================
2025-07-22 20:47:58,703 - MedicalClassifier_llama-2-13b-chat-hf_biomedical_base_direct - INFO - 模型加载完成！
2025-07-22 20:47:58,703 - MedicalClassifier_llama-2-13b-chat-hf_biomedical_base_direct - INFO - 最终使用的模型: 基础模型
2025-07-22 20:47:58,703 - MedicalClassifier_llama-2-13b-chat-hf_biomedical_base_direct - INFO - 模型路径: /mnt/data1/FT/inspire_data_prep/models/ydyajyA/Llama-2-13b-chat-hf
2025-07-22 20:47:58,703 - MedicalClassifier_llama-2-13b-chat-hf_biomedical_base_direct - INFO - 模板策略: chat_template
2025-07-22 20:47:58,703 - MedicalClassifier_llama-2-13b-chat-hf_biomedical_base_direct - INFO - ================================================================================
2025-07-22 20:47:58,703 - MedicalClassifier_llama-2-13b-chat-hf_biomedical_base_direct - INFO - 加载数据集: /mnt/data1/TC/TextClassDemo/data/Biomedical/Biomedical_Test_Cxx.json
2025-07-22 20:47:58,727 - MedicalClassifier_llama-2-13b-chat-hf_biomedical_base_direct - INFO - 基础模型加载完成
2025-07-22 20:47:58,727 - MedicalClassifier_llama-2-13b-chat-hf_biomedical_base_direct - INFO - 使用基础模型，不加载LoRA适配器
2025-07-22 20:47:58,729 - MedicalClassifier_llama-2-13b-chat-hf_biomedical_base_direct - INFO - ================================================================================
2025-07-22 20:47:58,729 - MedicalClassifier_llama-2-13b-chat-hf_biomedical_base_direct - INFO - 模型加载完成！
2025-07-22 20:47:58,729 - MedicalClassifier_llama-2-13b-chat-hf_biomedical_base_direct - INFO - 最终使用的模型: 基础模型
2025-07-22 20:47:58,729 - MedicalClassifier_llama-2-13b-chat-hf_biomedical_base_direct - INFO - 模型路径: /mnt/data1/FT/inspire_data_prep/models/ydyajyA/Llama-2-13b-chat-hf
2025-07-22 20:47:58,729 - MedicalClassifier_llama-2-13b-chat-hf_biomedical_base_direct - INFO - 模板策略: chat_template
2025-07-22 20:47:58,729 - MedicalClassifier_llama-2-13b-chat-hf_biomedical_base_direct - INFO - ================================================================================
2025-07-22 20:47:58,729 - MedicalClassifier_llama-2-13b-chat-hf_biomedical_base_direct - INFO - 加载数据集: /mnt/data1/TC/TextClassDemo/data/Biomedical/Biomedical_Test_Cxx.json
2025-07-22 20:47:58,735 - MedicalClassifier_llama-2-13b-chat-hf_biomedical_base_direct - INFO - 使用单一推理模式
2025-07-22 20:47:58,735 - MedicalClassifier_llama-2-13b-chat-hf_biomedical_base_direct - INFO - 开始批量推理...
2025-07-22 20:47:58,764 - MedicalClassifier_llama-2-13b-chat-hf_biomedical_base_direct - INFO - 使用单一推理模式
2025-07-22 20:47:58,764 - MedicalClassifier_llama-2-13b-chat-hf_biomedical_base_direct - INFO - 开始批量推理...
2025-07-22 20:47:58,774 - MedicalClassifier_llama-2-13b-chat-hf_biomedical_base_direct - INFO - Tokenizer加载完成
2025-07-22 20:47:58,774 - MedicalClassifier_llama-2-13b-chat-hf_biomedical_base_direct - INFO - Chat template: {% if messages[0]['role'] == 'system' %}{% set loop_messages = messages[1:] %}{% set system_message = messages[0]['content'] %}{% else %}{% set loop_messages = messages %}{% set system_message = false %}{% endif %}{% for message in loop_messages %}{% if (message['role'] == 'user') != (loop.index0 % 2 == 0) %}{{ raise_exception('Conversation roles must alternate user/assistant/user/assistant/...') }}{% endif %}{% if loop.index0 == 0 and system_message != false %}{% set content = '<<SYS>>\n' + system_message + '\n<</SYS>>\n\n' + message['content'] %}{% else %}{% set content = message['content'] %}{% endif %}{% if message['role'] == 'user' %}{{ bos_token + '[INST] ' + content.strip() + ' [/INST]' }}{% elif message['role'] == 'assistant' %}{{ ' '  + content.strip() + ' ' + eos_token }}{% endif %}{% endfor %}
2025-07-22 20:47:58,774 - MedicalClassifier_llama-2-13b-chat-hf_biomedical_base_direct - INFO - 检测到Llama模型，使用chat_template
2025-07-22 20:47:58,774 - MedicalClassifier_llama-2-13b-chat-hf_biomedical_base_direct - INFO - 模板策略: chat_template
2025-07-22 20:47:58,774 - MedicalClassifier_llama-2-13b-chat-hf_biomedical_base_direct - INFO - 正在加载基础模型: /mnt/data1/FT/inspire_data_prep/models/ydyajyA/Llama-2-13b-chat-hf
2025-07-22 20:47:58,818 - MedicalClassifier_llama-2-13b-chat-hf_biomedical_base_direct - INFO - Tokenizer加载完成
2025-07-22 20:47:58,819 - MedicalClassifier_llama-2-13b-chat-hf_biomedical_base_direct - INFO - Chat template: {% if messages[0]['role'] == 'system' %}{% set loop_messages = messages[1:] %}{% set system_message = messages[0]['content'] %}{% else %}{% set loop_messages = messages %}{% set system_message = false %}{% endif %}{% for message in loop_messages %}{% if (message['role'] == 'user') != (loop.index0 % 2 == 0) %}{{ raise_exception('Conversation roles must alternate user/assistant/user/assistant/...') }}{% endif %}{% if loop.index0 == 0 and system_message != false %}{% set content = '<<SYS>>\n' + system_message + '\n<</SYS>>\n\n' + message['content'] %}{% else %}{% set content = message['content'] %}{% endif %}{% if message['role'] == 'user' %}{{ bos_token + '[INST] ' + content.strip() + ' [/INST]' }}{% elif message['role'] == 'assistant' %}{{ ' '  + content.strip() + ' ' + eos_token }}{% endif %}{% endfor %}
2025-07-22 20:47:58,819 - MedicalClassifier_llama-2-13b-chat-hf_biomedical_base_direct - INFO - 检测到Llama模型，使用chat_template
2025-07-22 20:47:58,819 - MedicalClassifier_llama-2-13b-chat-hf_biomedical_base_direct - INFO - 模板策略: chat_template
2025-07-22 20:47:58,819 - MedicalClassifier_llama-2-13b-chat-hf_biomedical_base_direct - INFO - 正在加载基础模型: /mnt/data1/FT/inspire_data_prep/models/ydyajyA/Llama-2-13b-chat-hf
2025-07-22 20:47:58,826 - MedicalClassifier_llama-2-13b-chat-hf_biomedical_base_direct - INFO - Tokenizer加载完成
2025-07-22 20:47:58,826 - MedicalClassifier_llama-2-13b-chat-hf_biomedical_base_direct - INFO - Chat template: {% if messages[0]['role'] == 'system' %}{% set loop_messages = messages[1:] %}{% set system_message = messages[0]['content'] %}{% else %}{% set loop_messages = messages %}{% set system_message = false %}{% endif %}{% for message in loop_messages %}{% if (message['role'] == 'user') != (loop.index0 % 2 == 0) %}{{ raise_exception('Conversation roles must alternate user/assistant/user/assistant/...') }}{% endif %}{% if loop.index0 == 0 and system_message != false %}{% set content = '<<SYS>>\n' + system_message + '\n<</SYS>>\n\n' + message['content'] %}{% else %}{% set content = message['content'] %}{% endif %}{% if message['role'] == 'user' %}{{ bos_token + '[INST] ' + content.strip() + ' [/INST]' }}{% elif message['role'] == 'assistant' %}{{ ' '  + content.strip() + ' ' + eos_token }}{% endif %}{% endfor %}
2025-07-22 20:47:58,826 - MedicalClassifier_llama-2-13b-chat-hf_biomedical_base_direct - INFO - 检测到Llama模型，使用chat_template
2025-07-22 20:47:58,826 - MedicalClassifier_llama-2-13b-chat-hf_biomedical_base_direct - INFO - 模板策略: chat_template
2025-07-22 20:47:58,826 - MedicalClassifier_llama-2-13b-chat-hf_biomedical_base_direct - INFO - 正在加载基础模型: /mnt/data1/FT/inspire_data_prep/models/ydyajyA/Llama-2-13b-chat-hf
2025-07-22 20:47:58,859 - MedicalClassifier_llama-2-13b-chat-hf_biomedical_base_direct - INFO - Tokenizer加载完成
2025-07-22 20:47:58,860 - MedicalClassifier_llama-2-13b-chat-hf_biomedical_base_direct - INFO - Chat template: {% if messages[0]['role'] == 'system' %}{% set loop_messages = messages[1:] %}{% set system_message = messages[0]['content'] %}{% else %}{% set loop_messages = messages %}{% set system_message = false %}{% endif %}{% for message in loop_messages %}{% if (message['role'] == 'user') != (loop.index0 % 2 == 0) %}{{ raise_exception('Conversation roles must alternate user/assistant/user/assistant/...') }}{% endif %}{% if loop.index0 == 0 and system_message != false %}{% set content = '<<SYS>>\n' + system_message + '\n<</SYS>>\n\n' + message['content'] %}{% else %}{% set content = message['content'] %}{% endif %}{% if message['role'] == 'user' %}{{ bos_token + '[INST] ' + content.strip() + ' [/INST]' }}{% elif message['role'] == 'assistant' %}{{ ' '  + content.strip() + ' ' + eos_token }}{% endif %}{% endfor %}
2025-07-22 20:47:58,860 - MedicalClassifier_llama-2-13b-chat-hf_biomedical_base_direct - INFO - 检测到Llama模型，使用chat_template
2025-07-22 20:47:58,860 - MedicalClassifier_llama-2-13b-chat-hf_biomedical_base_direct - INFO - 模板策略: chat_template
2025-07-22 20:47:58,860 - MedicalClassifier_llama-2-13b-chat-hf_biomedical_base_direct - INFO - 正在加载基础模型: /mnt/data1/FT/inspire_data_prep/models/ydyajyA/Llama-2-13b-chat-hf
2025-07-22 20:47:59,076 - MedicalClassifier_llama-2-13b-chat-hf_biomedical_base_direct - INFO - 基础模型加载完成
2025-07-22 20:47:59,076 - MedicalClassifier_llama-2-13b-chat-hf_biomedical_base_direct - INFO - 使用基础模型，不加载LoRA适配器
2025-07-22 20:47:59,078 - MedicalClassifier_llama-2-13b-chat-hf_biomedical_base_direct - INFO - ================================================================================
2025-07-22 20:47:59,078 - MedicalClassifier_llama-2-13b-chat-hf_biomedical_base_direct - INFO - 模型加载完成！
2025-07-22 20:47:59,078 - MedicalClassifier_llama-2-13b-chat-hf_biomedical_base_direct - INFO - 最终使用的模型: 基础模型
2025-07-22 20:47:59,078 - MedicalClassifier_llama-2-13b-chat-hf_biomedical_base_direct - INFO - 模型路径: /mnt/data1/FT/inspire_data_prep/models/ydyajyA/Llama-2-13b-chat-hf
2025-07-22 20:47:59,078 - MedicalClassifier_llama-2-13b-chat-hf_biomedical_base_direct - INFO - 模板策略: chat_template
2025-07-22 20:47:59,078 - MedicalClassifier_llama-2-13b-chat-hf_biomedical_base_direct - INFO - ================================================================================
2025-07-22 20:47:59,078 - MedicalClassifier_llama-2-13b-chat-hf_biomedical_base_direct - INFO - 加载数据集: /mnt/data1/TC/TextClassDemo/data/Biomedical/Biomedical_Test_Cxx.json
2025-07-22 20:47:59,146 - MedicalClassifier_llama-2-13b-chat-hf_biomedical_base_direct - INFO - 基础模型加载完成
2025-07-22 20:47:59,146 - MedicalClassifier_llama-2-13b-chat-hf_biomedical_base_direct - INFO - 使用基础模型，不加载LoRA适配器
2025-07-22 20:47:59,148 - MedicalClassifier_llama-2-13b-chat-hf_biomedical_base_direct - INFO - ================================================================================
2025-07-22 20:47:59,148 - MedicalClassifier_llama-2-13b-chat-hf_biomedical_base_direct - INFO - 模型加载完成！
2025-07-22 20:47:59,148 - MedicalClassifier_llama-2-13b-chat-hf_biomedical_base_direct - INFO - 最终使用的模型: 基础模型
2025-07-22 20:47:59,148 - MedicalClassifier_llama-2-13b-chat-hf_biomedical_base_direct - INFO - 模型路径: /mnt/data1/FT/inspire_data_prep/models/ydyajyA/Llama-2-13b-chat-hf
2025-07-22 20:47:59,148 - MedicalClassifier_llama-2-13b-chat-hf_biomedical_base_direct - INFO - 模板策略: chat_template
2025-07-22 20:47:59,148 - MedicalClassifier_llama-2-13b-chat-hf_biomedical_base_direct - INFO - ================================================================================
2025-07-22 20:47:59,148 - MedicalClassifier_llama-2-13b-chat-hf_biomedical_base_direct - INFO - 加载数据集: /mnt/data1/TC/TextClassDemo/data/Biomedical/Biomedical_Test_Cxx.json
2025-07-22 20:47:59,173 - MedicalClassifier_llama-2-13b-chat-hf_biomedical_base_direct - INFO - 基础模型加载完成
2025-07-22 20:47:59,173 - MedicalClassifier_llama-2-13b-chat-hf_biomedical_base_direct - INFO - 使用基础模型，不加载LoRA适配器
2025-07-22 20:47:59,175 - MedicalClassifier_llama-2-13b-chat-hf_biomedical_base_direct - INFO - ================================================================================
2025-07-22 20:47:59,175 - MedicalClassifier_llama-2-13b-chat-hf_biomedical_base_direct - INFO - 模型加载完成！
2025-07-22 20:47:59,175 - MedicalClassifier_llama-2-13b-chat-hf_biomedical_base_direct - INFO - 最终使用的模型: 基础模型
2025-07-22 20:47:59,175 - MedicalClassifier_llama-2-13b-chat-hf_biomedical_base_direct - INFO - 模型路径: /mnt/data1/FT/inspire_data_prep/models/ydyajyA/Llama-2-13b-chat-hf
2025-07-22 20:47:59,175 - MedicalClassifier_llama-2-13b-chat-hf_biomedical_base_direct - INFO - 模板策略: chat_template
2025-07-22 20:47:59,175 - MedicalClassifier_llama-2-13b-chat-hf_biomedical_base_direct - INFO - ================================================================================
2025-07-22 20:47:59,175 - MedicalClassifier_llama-2-13b-chat-hf_biomedical_base_direct - INFO - 加载数据集: /mnt/data1/TC/TextClassDemo/data/Biomedical/Biomedical_Test_Cxx.json
2025-07-22 20:47:59,194 - MedicalClassifier_llama-2-13b-chat-hf_biomedical_base_direct - INFO - 使用单一推理模式
2025-07-22 20:47:59,194 - MedicalClassifier_llama-2-13b-chat-hf_biomedical_base_direct - INFO - 开始批量推理...
2025-07-22 20:47:59,203 - MedicalClassifier_llama-2-13b-chat-hf_biomedical_base_direct - INFO - 使用单一推理模式
2025-07-22 20:47:59,203 - MedicalClassifier_llama-2-13b-chat-hf_biomedical_base_direct - INFO - 开始批量推理...
2025-07-22 20:47:59,212 - MedicalClassifier_llama-2-13b-chat-hf_biomedical_base_direct - INFO - 使用单一推理模式
2025-07-22 20:47:59,212 - MedicalClassifier_llama-2-13b-chat-hf_biomedical_base_direct - INFO - 开始批量推理...
2025-07-22 20:47:59,233 - MedicalClassifier_llama-2-13b-chat-hf_biomedical_base_direct - INFO - 基础模型加载完成
2025-07-22 20:47:59,233 - MedicalClassifier_llama-2-13b-chat-hf_biomedical_base_direct - INFO - 使用基础模型，不加载LoRA适配器
2025-07-22 20:47:59,236 - MedicalClassifier_llama-2-13b-chat-hf_biomedical_base_direct - INFO - ================================================================================
2025-07-22 20:47:59,236 - MedicalClassifier_llama-2-13b-chat-hf_biomedical_base_direct - INFO - 模型加载完成！
2025-07-22 20:47:59,236 - MedicalClassifier_llama-2-13b-chat-hf_biomedical_base_direct - INFO - 最终使用的模型: 基础模型
2025-07-22 20:47:59,236 - MedicalClassifier_llama-2-13b-chat-hf_biomedical_base_direct - INFO - 模型路径: /mnt/data1/FT/inspire_data_prep/models/ydyajyA/Llama-2-13b-chat-hf
2025-07-22 20:47:59,236 - MedicalClassifier_llama-2-13b-chat-hf_biomedical_base_direct - INFO - 模板策略: chat_template
2025-07-22 20:47:59,236 - MedicalClassifier_llama-2-13b-chat-hf_biomedical_base_direct - INFO - ================================================================================
2025-07-22 20:47:59,236 - MedicalClassifier_llama-2-13b-chat-hf_biomedical_base_direct - INFO - 加载数据集: /mnt/data1/TC/TextClassDemo/data/Biomedical/Biomedical_Test_Cxx.json
2025-07-22 20:47:59,277 - MedicalClassifier_llama-2-13b-chat-hf_biomedical_base_direct - INFO - 使用单一推理模式
2025-07-22 20:47:59,277 - MedicalClassifier_llama-2-13b-chat-hf_biomedical_base_direct - INFO - 开始批量推理...
2025-07-22 20:47:59,581 - MedicalClassifier_llama-2-13b-chat-hf_biomedical_base_direct - INFO - 开始运行评估实验...
2025-07-22 20:47:59,581 - MedicalClassifier_llama-2-13b-chat-hf_biomedical_base_direct - INFO - 实验配置:
2025-07-22 20:47:59,581 - MedicalClassifier_llama-2-13b-chat-hf_biomedical_base_direct - INFO -   - 基础模型: /mnt/data1/FT/inspire_data_prep/models/ydyajyA/Llama-2-13b-chat-hf
2025-07-22 20:47:59,582 - MedicalClassifier_llama-2-13b-chat-hf_biomedical_base_direct - INFO -   - 使用LoRA: False
2025-07-22 20:47:59,582 - MedicalClassifier_llama-2-13b-chat-hf_biomedical_base_direct - INFO -   - 数据集: biomedical
2025-07-22 20:47:59,582 - MedicalClassifier_llama-2-13b-chat-hf_biomedical_base_direct - INFO -   - 数据路径: /mnt/data1/TC/TextClassDemo/data/Biomedical/Biomedical_Test_Cxx.json
2025-07-22 20:47:59,582 - MedicalClassifier_llama-2-13b-chat-hf_biomedical_base_direct - INFO - ================================================================================
2025-07-22 20:47:59,582 - MedicalClassifier_llama-2-13b-chat-hf_biomedical_base_direct - INFO - 开始加载模型和tokenizer...
2025-07-22 20:47:59,582 - MedicalClassifier_llama-2-13b-chat-hf_biomedical_base_direct - INFO - 基础模型路径: /mnt/data1/FT/inspire_data_prep/models/ydyajyA/Llama-2-13b-chat-hf
2025-07-22 20:47:59,582 - MedicalClassifier_llama-2-13b-chat-hf_biomedical_base_direct - INFO - 是否使用LoRA: False
2025-07-22 20:47:59,582 - MedicalClassifier_llama-2-13b-chat-hf_biomedical_base_direct - INFO - ================================================================================
2025-07-22 20:47:59,582 - MedicalClassifier_llama-2-13b-chat-hf_biomedical_base_direct - INFO - 非70B模型，当前为多进程，采用数据并行（device_map=None）
2025-07-22 20:47:59,582 - MedicalClassifier_llama-2-13b-chat-hf_biomedical_base_direct - INFO - 正在加载tokenizer: /mnt/data1/FT/inspire_data_prep/models/ydyajyA/Llama-2-13b-chat-hf
2025-07-22 20:47:59,777 - MedicalClassifier_llama-2-13b-chat-hf_biomedical_base_direct - INFO - Tokenizer加载完成
2025-07-22 20:47:59,777 - MedicalClassifier_llama-2-13b-chat-hf_biomedical_base_direct - INFO - Chat template: {% if messages[0]['role'] == 'system' %}{% set loop_messages = messages[1:] %}{% set system_message = messages[0]['content'] %}{% else %}{% set loop_messages = messages %}{% set system_message = false %}{% endif %}{% for message in loop_messages %}{% if (message['role'] == 'user') != (loop.index0 % 2 == 0) %}{{ raise_exception('Conversation roles must alternate user/assistant/user/assistant/...') }}{% endif %}{% if loop.index0 == 0 and system_message != false %}{% set content = '<<SYS>>\n' + system_message + '\n<</SYS>>\n\n' + message['content'] %}{% else %}{% set content = message['content'] %}{% endif %}{% if message['role'] == 'user' %}{{ bos_token + '[INST] ' + content.strip() + ' [/INST]' }}{% elif message['role'] == 'assistant' %}{{ ' '  + content.strip() + ' ' + eos_token }}{% endif %}{% endfor %}
2025-07-22 20:47:59,777 - MedicalClassifier_llama-2-13b-chat-hf_biomedical_base_direct - INFO - 检测到Llama模型，使用chat_template
2025-07-22 20:47:59,777 - MedicalClassifier_llama-2-13b-chat-hf_biomedical_base_direct - INFO - 模板策略: chat_template
2025-07-22 20:47:59,777 - MedicalClassifier_llama-2-13b-chat-hf_biomedical_base_direct - INFO - 正在加载基础模型: /mnt/data1/FT/inspire_data_prep/models/ydyajyA/Llama-2-13b-chat-hf
2025-07-22 20:48:00,098 - MedicalClassifier_llama-2-13b-chat-hf_biomedical_base_direct - INFO - 基础模型加载完成
2025-07-22 20:48:00,099 - MedicalClassifier_llama-2-13b-chat-hf_biomedical_base_direct - INFO - 使用基础模型，不加载LoRA适配器
2025-07-22 20:48:00,100 - MedicalClassifier_llama-2-13b-chat-hf_biomedical_base_direct - INFO - ================================================================================
2025-07-22 20:48:00,100 - MedicalClassifier_llama-2-13b-chat-hf_biomedical_base_direct - INFO - 模型加载完成！
2025-07-22 20:48:00,100 - MedicalClassifier_llama-2-13b-chat-hf_biomedical_base_direct - INFO - 最终使用的模型: 基础模型
2025-07-22 20:48:00,101 - MedicalClassifier_llama-2-13b-chat-hf_biomedical_base_direct - INFO - 模型路径: /mnt/data1/FT/inspire_data_prep/models/ydyajyA/Llama-2-13b-chat-hf
2025-07-22 20:48:00,101 - MedicalClassifier_llama-2-13b-chat-hf_biomedical_base_direct - INFO - 模板策略: chat_template
2025-07-22 20:48:00,101 - MedicalClassifier_llama-2-13b-chat-hf_biomedical_base_direct - INFO - ================================================================================
2025-07-22 20:48:00,101 - MedicalClassifier_llama-2-13b-chat-hf_biomedical_base_direct - INFO - 加载数据集: /mnt/data1/TC/TextClassDemo/data/Biomedical/Biomedical_Test_Cxx.json
2025-07-22 20:48:00,132 - MedicalClassifier_llama-2-13b-chat-hf_biomedical_base_direct - INFO - 使用单一推理模式
2025-07-22 20:48:00,132 - MedicalClassifier_llama-2-13b-chat-hf_biomedical_base_direct - INFO - 开始批量推理...
2025-07-22 20:54:13,385 - MedicalClassifier_llama-2-13b-chat-hf_biomedical_base_direct - INFO - 开始运行评估实验...
2025-07-22 20:54:13,386 - MedicalClassifier_llama-2-13b-chat-hf_biomedical_base_direct - INFO - 实验配置:
2025-07-22 20:54:13,386 - MedicalClassifier_llama-2-13b-chat-hf_biomedical_base_direct - INFO -   - 基础模型: /mnt/data1/FT/inspire_data_prep/models/ydyajyA/Llama-2-13b-chat-hf
2025-07-22 20:54:13,386 - MedicalClassifier_llama-2-13b-chat-hf_biomedical_base_direct - INFO -   - 使用LoRA: False
2025-07-22 20:54:13,386 - MedicalClassifier_llama-2-13b-chat-hf_biomedical_base_direct - INFO -   - 数据集: biomedical
2025-07-22 20:54:13,386 - MedicalClassifier_llama-2-13b-chat-hf_biomedical_base_direct - INFO -   - 数据路径: /mnt/data1/TC/TextClassDemo/data/Biomedical/Biomedical_Test_Cxx.json
2025-07-22 20:54:13,386 - MedicalClassifier_llama-2-13b-chat-hf_biomedical_base_direct - INFO - ================================================================================
2025-07-22 20:54:13,386 - MedicalClassifier_llama-2-13b-chat-hf_biomedical_base_direct - INFO - 开始加载模型和tokenizer...
2025-07-22 20:54:13,386 - MedicalClassifier_llama-2-13b-chat-hf_biomedical_base_direct - INFO - 基础模型路径: /mnt/data1/FT/inspire_data_prep/models/ydyajyA/Llama-2-13b-chat-hf
2025-07-22 20:54:13,386 - MedicalClassifier_llama-2-13b-chat-hf_biomedical_base_direct - INFO - 是否使用LoRA: False
2025-07-22 20:54:13,386 - MedicalClassifier_llama-2-13b-chat-hf_biomedical_base_direct - INFO - ================================================================================
2025-07-22 20:54:13,386 - MedicalClassifier_llama-2-13b-chat-hf_biomedical_base_direct - INFO - 非70B模型，当前为多进程，采用数据并行（device_map=None）
2025-07-22 20:54:13,386 - MedicalClassifier_llama-2-13b-chat-hf_biomedical_base_direct - INFO - 正在加载tokenizer: /mnt/data1/FT/inspire_data_prep/models/ydyajyA/Llama-2-13b-chat-hf
2025-07-22 20:54:13,424 - MedicalClassifier_llama-2-13b-chat-hf_biomedical_base_direct - INFO - 开始运行评估实验...
2025-07-22 20:54:13,424 - MedicalClassifier_llama-2-13b-chat-hf_biomedical_base_direct - INFO - 实验配置:
2025-07-22 20:54:13,424 - MedicalClassifier_llama-2-13b-chat-hf_biomedical_base_direct - INFO -   - 基础模型: /mnt/data1/FT/inspire_data_prep/models/ydyajyA/Llama-2-13b-chat-hf
2025-07-22 20:54:13,424 - MedicalClassifier_llama-2-13b-chat-hf_biomedical_base_direct - INFO -   - 使用LoRA: False
2025-07-22 20:54:13,424 - MedicalClassifier_llama-2-13b-chat-hf_biomedical_base_direct - INFO -   - 数据集: biomedical
2025-07-22 20:54:13,425 - MedicalClassifier_llama-2-13b-chat-hf_biomedical_base_direct - INFO -   - 数据路径: /mnt/data1/TC/TextClassDemo/data/Biomedical/Biomedical_Test_Cxx.json
2025-07-22 20:54:13,425 - MedicalClassifier_llama-2-13b-chat-hf_biomedical_base_direct - INFO - ================================================================================
2025-07-22 20:54:13,425 - MedicalClassifier_llama-2-13b-chat-hf_biomedical_base_direct - INFO - 开始加载模型和tokenizer...
2025-07-22 20:54:13,425 - MedicalClassifier_llama-2-13b-chat-hf_biomedical_base_direct - INFO - 基础模型路径: /mnt/data1/FT/inspire_data_prep/models/ydyajyA/Llama-2-13b-chat-hf
2025-07-22 20:54:13,425 - MedicalClassifier_llama-2-13b-chat-hf_biomedical_base_direct - INFO - 是否使用LoRA: False
2025-07-22 20:54:13,425 - MedicalClassifier_llama-2-13b-chat-hf_biomedical_base_direct - INFO - ================================================================================
2025-07-22 20:54:13,425 - MedicalClassifier_llama-2-13b-chat-hf_biomedical_base_direct - INFO - 非70B模型，当前为多进程，采用数据并行（device_map=None）
2025-07-22 20:54:13,425 - MedicalClassifier_llama-2-13b-chat-hf_biomedical_base_direct - INFO - 正在加载tokenizer: /mnt/data1/FT/inspire_data_prep/models/ydyajyA/Llama-2-13b-chat-hf
2025-07-22 20:54:13,432 - MedicalClassifier_llama-2-13b-chat-hf_biomedical_base_direct - INFO - 开始运行评估实验...
2025-07-22 20:54:13,433 - MedicalClassifier_llama-2-13b-chat-hf_biomedical_base_direct - INFO - 实验配置:
2025-07-22 20:54:13,433 - MedicalClassifier_llama-2-13b-chat-hf_biomedical_base_direct - INFO -   - 基础模型: /mnt/data1/FT/inspire_data_prep/models/ydyajyA/Llama-2-13b-chat-hf
2025-07-22 20:54:13,433 - MedicalClassifier_llama-2-13b-chat-hf_biomedical_base_direct - INFO -   - 使用LoRA: False
2025-07-22 20:54:13,433 - MedicalClassifier_llama-2-13b-chat-hf_biomedical_base_direct - INFO -   - 数据集: biomedical
2025-07-22 20:54:13,433 - MedicalClassifier_llama-2-13b-chat-hf_biomedical_base_direct - INFO -   - 数据路径: /mnt/data1/TC/TextClassDemo/data/Biomedical/Biomedical_Test_Cxx.json
2025-07-22 20:54:13,433 - MedicalClassifier_llama-2-13b-chat-hf_biomedical_base_direct - INFO - ================================================================================
2025-07-22 20:54:13,433 - MedicalClassifier_llama-2-13b-chat-hf_biomedical_base_direct - INFO - 开始加载模型和tokenizer...
2025-07-22 20:54:13,433 - MedicalClassifier_llama-2-13b-chat-hf_biomedical_base_direct - INFO - 基础模型路径: /mnt/data1/FT/inspire_data_prep/models/ydyajyA/Llama-2-13b-chat-hf
2025-07-22 20:54:13,433 - MedicalClassifier_llama-2-13b-chat-hf_biomedical_base_direct - INFO - 是否使用LoRA: False
2025-07-22 20:54:13,433 - MedicalClassifier_llama-2-13b-chat-hf_biomedical_base_direct - INFO - ================================================================================
2025-07-22 20:54:13,433 - MedicalClassifier_llama-2-13b-chat-hf_biomedical_base_direct - INFO - 非70B模型，当前为多进程，采用数据并行（device_map=None）
2025-07-22 20:54:13,433 - MedicalClassifier_llama-2-13b-chat-hf_biomedical_base_direct - INFO - 正在加载tokenizer: /mnt/data1/FT/inspire_data_prep/models/ydyajyA/Llama-2-13b-chat-hf
2025-07-22 20:54:13,581 - MedicalClassifier_llama-2-13b-chat-hf_biomedical_base_direct - INFO - 开始运行评估实验...
2025-07-22 20:54:13,581 - MedicalClassifier_llama-2-13b-chat-hf_biomedical_base_direct - INFO - 实验配置:
2025-07-22 20:54:13,581 - MedicalClassifier_llama-2-13b-chat-hf_biomedical_base_direct - INFO -   - 基础模型: /mnt/data1/FT/inspire_data_prep/models/ydyajyA/Llama-2-13b-chat-hf
2025-07-22 20:54:13,581 - MedicalClassifier_llama-2-13b-chat-hf_biomedical_base_direct - INFO -   - 使用LoRA: False
2025-07-22 20:54:13,581 - MedicalClassifier_llama-2-13b-chat-hf_biomedical_base_direct - INFO -   - 数据集: biomedical
2025-07-22 20:54:13,581 - MedicalClassifier_llama-2-13b-chat-hf_biomedical_base_direct - INFO -   - 数据路径: /mnt/data1/TC/TextClassDemo/data/Biomedical/Biomedical_Test_Cxx.json
2025-07-22 20:54:13,581 - MedicalClassifier_llama-2-13b-chat-hf_biomedical_base_direct - INFO - ================================================================================
2025-07-22 20:54:13,581 - MedicalClassifier_llama-2-13b-chat-hf_biomedical_base_direct - INFO - 开始加载模型和tokenizer...
2025-07-22 20:54:13,582 - MedicalClassifier_llama-2-13b-chat-hf_biomedical_base_direct - INFO - 基础模型路径: /mnt/data1/FT/inspire_data_prep/models/ydyajyA/Llama-2-13b-chat-hf
2025-07-22 20:54:13,582 - MedicalClassifier_llama-2-13b-chat-hf_biomedical_base_direct - INFO - 是否使用LoRA: False
2025-07-22 20:54:13,582 - MedicalClassifier_llama-2-13b-chat-hf_biomedical_base_direct - INFO - ================================================================================
2025-07-22 20:54:13,582 - MedicalClassifier_llama-2-13b-chat-hf_biomedical_base_direct - INFO - 非70B模型，当前为多进程，采用数据并行（device_map=None）
2025-07-22 20:54:13,582 - MedicalClassifier_llama-2-13b-chat-hf_biomedical_base_direct - INFO - 正在加载tokenizer: /mnt/data1/FT/inspire_data_prep/models/ydyajyA/Llama-2-13b-chat-hf
2025-07-22 20:54:13,618 - MedicalClassifier_llama-2-13b-chat-hf_biomedical_base_direct - INFO - Tokenizer加载完成
2025-07-22 20:54:13,618 - MedicalClassifier_llama-2-13b-chat-hf_biomedical_base_direct - INFO - Chat template: {% if messages[0]['role'] == 'system' %}{% set loop_messages = messages[1:] %}{% set system_message = messages[0]['content'] %}{% else %}{% set loop_messages = messages %}{% set system_message = false %}{% endif %}{% for message in loop_messages %}{% if (message['role'] == 'user') != (loop.index0 % 2 == 0) %}{{ raise_exception('Conversation roles must alternate user/assistant/user/assistant/...') }}{% endif %}{% if loop.index0 == 0 and system_message != false %}{% set content = '<<SYS>>\n' + system_message + '\n<</SYS>>\n\n' + message['content'] %}{% else %}{% set content = message['content'] %}{% endif %}{% if message['role'] == 'user' %}{{ bos_token + '[INST] ' + content.strip() + ' [/INST]' }}{% elif message['role'] == 'assistant' %}{{ ' '  + content.strip() + ' ' + eos_token }}{% endif %}{% endfor %}
2025-07-22 20:54:13,619 - MedicalClassifier_llama-2-13b-chat-hf_biomedical_base_direct - INFO - 检测到Llama模型，使用chat_template
2025-07-22 20:54:13,619 - MedicalClassifier_llama-2-13b-chat-hf_biomedical_base_direct - INFO - 模板策略: chat_template
2025-07-22 20:54:13,619 - MedicalClassifier_llama-2-13b-chat-hf_biomedical_base_direct - INFO - 正在加载基础模型: /mnt/data1/FT/inspire_data_prep/models/ydyajyA/Llama-2-13b-chat-hf
2025-07-22 20:54:13,709 - MedicalClassifier_llama-2-13b-chat-hf_biomedical_base_direct - INFO - Tokenizer加载完成
2025-07-22 20:54:13,709 - MedicalClassifier_llama-2-13b-chat-hf_biomedical_base_direct - INFO - Chat template: {% if messages[0]['role'] == 'system' %}{% set loop_messages = messages[1:] %}{% set system_message = messages[0]['content'] %}{% else %}{% set loop_messages = messages %}{% set system_message = false %}{% endif %}{% for message in loop_messages %}{% if (message['role'] == 'user') != (loop.index0 % 2 == 0) %}{{ raise_exception('Conversation roles must alternate user/assistant/user/assistant/...') }}{% endif %}{% if loop.index0 == 0 and system_message != false %}{% set content = '<<SYS>>\n' + system_message + '\n<</SYS>>\n\n' + message['content'] %}{% else %}{% set content = message['content'] %}{% endif %}{% if message['role'] == 'user' %}{{ bos_token + '[INST] ' + content.strip() + ' [/INST]' }}{% elif message['role'] == 'assistant' %}{{ ' '  + content.strip() + ' ' + eos_token }}{% endif %}{% endfor %}
2025-07-22 20:54:13,709 - MedicalClassifier_llama-2-13b-chat-hf_biomedical_base_direct - INFO - 检测到Llama模型，使用chat_template
2025-07-22 20:54:13,709 - MedicalClassifier_llama-2-13b-chat-hf_biomedical_base_direct - INFO - 模板策略: chat_template
2025-07-22 20:54:13,709 - MedicalClassifier_llama-2-13b-chat-hf_biomedical_base_direct - INFO - 正在加载基础模型: /mnt/data1/FT/inspire_data_prep/models/ydyajyA/Llama-2-13b-chat-hf
2025-07-22 20:54:13,766 - MedicalClassifier_llama-2-13b-chat-hf_biomedical_base_direct - INFO - Tokenizer加载完成
2025-07-22 20:54:13,766 - MedicalClassifier_llama-2-13b-chat-hf_biomedical_base_direct - INFO - Chat template: {% if messages[0]['role'] == 'system' %}{% set loop_messages = messages[1:] %}{% set system_message = messages[0]['content'] %}{% else %}{% set loop_messages = messages %}{% set system_message = false %}{% endif %}{% for message in loop_messages %}{% if (message['role'] == 'user') != (loop.index0 % 2 == 0) %}{{ raise_exception('Conversation roles must alternate user/assistant/user/assistant/...') }}{% endif %}{% if loop.index0 == 0 and system_message != false %}{% set content = '<<SYS>>\n' + system_message + '\n<</SYS>>\n\n' + message['content'] %}{% else %}{% set content = message['content'] %}{% endif %}{% if message['role'] == 'user' %}{{ bos_token + '[INST] ' + content.strip() + ' [/INST]' }}{% elif message['role'] == 'assistant' %}{{ ' '  + content.strip() + ' ' + eos_token }}{% endif %}{% endfor %}
2025-07-22 20:54:13,766 - MedicalClassifier_llama-2-13b-chat-hf_biomedical_base_direct - INFO - 检测到Llama模型，使用chat_template
2025-07-22 20:54:13,766 - MedicalClassifier_llama-2-13b-chat-hf_biomedical_base_direct - INFO - 模板策略: chat_template
2025-07-22 20:54:13,766 - MedicalClassifier_llama-2-13b-chat-hf_biomedical_base_direct - INFO - 正在加载基础模型: /mnt/data1/FT/inspire_data_prep/models/ydyajyA/Llama-2-13b-chat-hf
2025-07-22 20:54:13,937 - MedicalClassifier_llama-2-13b-chat-hf_biomedical_base_direct - INFO - Tokenizer加载完成
2025-07-22 20:54:13,937 - MedicalClassifier_llama-2-13b-chat-hf_biomedical_base_direct - INFO - Chat template: {% if messages[0]['role'] == 'system' %}{% set loop_messages = messages[1:] %}{% set system_message = messages[0]['content'] %}{% else %}{% set loop_messages = messages %}{% set system_message = false %}{% endif %}{% for message in loop_messages %}{% if (message['role'] == 'user') != (loop.index0 % 2 == 0) %}{{ raise_exception('Conversation roles must alternate user/assistant/user/assistant/...') }}{% endif %}{% if loop.index0 == 0 and system_message != false %}{% set content = '<<SYS>>\n' + system_message + '\n<</SYS>>\n\n' + message['content'] %}{% else %}{% set content = message['content'] %}{% endif %}{% if message['role'] == 'user' %}{{ bos_token + '[INST] ' + content.strip() + ' [/INST]' }}{% elif message['role'] == 'assistant' %}{{ ' '  + content.strip() + ' ' + eos_token }}{% endif %}{% endfor %}
2025-07-22 20:54:13,937 - MedicalClassifier_llama-2-13b-chat-hf_biomedical_base_direct - INFO - 检测到Llama模型，使用chat_template
2025-07-22 20:54:13,937 - MedicalClassifier_llama-2-13b-chat-hf_biomedical_base_direct - INFO - 模板策略: chat_template
2025-07-22 20:54:13,937 - MedicalClassifier_llama-2-13b-chat-hf_biomedical_base_direct - INFO - 正在加载基础模型: /mnt/data1/FT/inspire_data_prep/models/ydyajyA/Llama-2-13b-chat-hf
2025-07-22 20:54:18,899 - MedicalClassifier_llama-2-13b-chat-hf_biomedical_base_direct - INFO - 开始运行评估实验...
2025-07-22 20:54:18,900 - MedicalClassifier_llama-2-13b-chat-hf_biomedical_base_direct - INFO - 实验配置:
2025-07-22 20:54:18,900 - MedicalClassifier_llama-2-13b-chat-hf_biomedical_base_direct - INFO -   - 基础模型: /mnt/data1/FT/inspire_data_prep/models/ydyajyA/Llama-2-13b-chat-hf
2025-07-22 20:54:18,900 - MedicalClassifier_llama-2-13b-chat-hf_biomedical_base_direct - INFO -   - 使用LoRA: False
2025-07-22 20:54:18,900 - MedicalClassifier_llama-2-13b-chat-hf_biomedical_base_direct - INFO -   - 数据集: biomedical
2025-07-22 20:54:18,900 - MedicalClassifier_llama-2-13b-chat-hf_biomedical_base_direct - INFO -   - 数据路径: /mnt/data1/TC/TextClassDemo/data/Biomedical/Biomedical_Test_Cxx.json
2025-07-22 20:54:18,900 - MedicalClassifier_llama-2-13b-chat-hf_biomedical_base_direct - INFO - ================================================================================
2025-07-22 20:54:18,900 - MedicalClassifier_llama-2-13b-chat-hf_biomedical_base_direct - INFO - 开始加载模型和tokenizer...
2025-07-22 20:54:18,900 - MedicalClassifier_llama-2-13b-chat-hf_biomedical_base_direct - INFO - 基础模型路径: /mnt/data1/FT/inspire_data_prep/models/ydyajyA/Llama-2-13b-chat-hf
2025-07-22 20:54:18,900 - MedicalClassifier_llama-2-13b-chat-hf_biomedical_base_direct - INFO - 是否使用LoRA: False
2025-07-22 20:54:18,900 - MedicalClassifier_llama-2-13b-chat-hf_biomedical_base_direct - INFO - ================================================================================
2025-07-22 20:54:18,900 - MedicalClassifier_llama-2-13b-chat-hf_biomedical_base_direct - INFO - 非70B模型，当前为多进程，采用数据并行（device_map=None）
2025-07-22 20:54:18,900 - MedicalClassifier_llama-2-13b-chat-hf_biomedical_base_direct - INFO - 正在加载tokenizer: /mnt/data1/FT/inspire_data_prep/models/ydyajyA/Llama-2-13b-chat-hf
2025-07-22 20:54:19,005 - MedicalClassifier_llama-2-13b-chat-hf_biomedical_base_direct - INFO - 开始运行评估实验...
2025-07-22 20:54:19,005 - MedicalClassifier_llama-2-13b-chat-hf_biomedical_base_direct - INFO - 实验配置:
2025-07-22 20:54:19,005 - MedicalClassifier_llama-2-13b-chat-hf_biomedical_base_direct - INFO -   - 基础模型: /mnt/data1/FT/inspire_data_prep/models/ydyajyA/Llama-2-13b-chat-hf
2025-07-22 20:54:19,005 - MedicalClassifier_llama-2-13b-chat-hf_biomedical_base_direct - INFO -   - 使用LoRA: False
2025-07-22 20:54:19,005 - MedicalClassifier_llama-2-13b-chat-hf_biomedical_base_direct - INFO -   - 数据集: biomedical
2025-07-22 20:54:19,005 - MedicalClassifier_llama-2-13b-chat-hf_biomedical_base_direct - INFO -   - 数据路径: /mnt/data1/TC/TextClassDemo/data/Biomedical/Biomedical_Test_Cxx.json
2025-07-22 20:54:19,005 - MedicalClassifier_llama-2-13b-chat-hf_biomedical_base_direct - INFO - ================================================================================
2025-07-22 20:54:19,005 - MedicalClassifier_llama-2-13b-chat-hf_biomedical_base_direct - INFO - 开始加载模型和tokenizer...
2025-07-22 20:54:19,005 - MedicalClassifier_llama-2-13b-chat-hf_biomedical_base_direct - INFO - 基础模型路径: /mnt/data1/FT/inspire_data_prep/models/ydyajyA/Llama-2-13b-chat-hf
2025-07-22 20:54:19,005 - MedicalClassifier_llama-2-13b-chat-hf_biomedical_base_direct - INFO - 是否使用LoRA: False
2025-07-22 20:54:19,005 - MedicalClassifier_llama-2-13b-chat-hf_biomedical_base_direct - INFO - ================================================================================
2025-07-22 20:54:19,005 - MedicalClassifier_llama-2-13b-chat-hf_biomedical_base_direct - INFO - 非70B模型，当前为多进程，采用数据并行（device_map=None）
2025-07-22 20:54:19,005 - MedicalClassifier_llama-2-13b-chat-hf_biomedical_base_direct - INFO - 正在加载tokenizer: /mnt/data1/FT/inspire_data_prep/models/ydyajyA/Llama-2-13b-chat-hf
2025-07-22 20:54:19,044 - MedicalClassifier_llama-2-13b-chat-hf_biomedical_base_direct - INFO - 开始运行评估实验...
2025-07-22 20:54:19,044 - MedicalClassifier_llama-2-13b-chat-hf_biomedical_base_direct - INFO - 实验配置:
2025-07-22 20:54:19,045 - MedicalClassifier_llama-2-13b-chat-hf_biomedical_base_direct - INFO -   - 基础模型: /mnt/data1/FT/inspire_data_prep/models/ydyajyA/Llama-2-13b-chat-hf
2025-07-22 20:54:19,045 - MedicalClassifier_llama-2-13b-chat-hf_biomedical_base_direct - INFO -   - 使用LoRA: False
2025-07-22 20:54:19,045 - MedicalClassifier_llama-2-13b-chat-hf_biomedical_base_direct - INFO -   - 数据集: biomedical
2025-07-22 20:54:19,045 - MedicalClassifier_llama-2-13b-chat-hf_biomedical_base_direct - INFO -   - 数据路径: /mnt/data1/TC/TextClassDemo/data/Biomedical/Biomedical_Test_Cxx.json
2025-07-22 20:54:19,045 - MedicalClassifier_llama-2-13b-chat-hf_biomedical_base_direct - INFO - ================================================================================
2025-07-22 20:54:19,045 - MedicalClassifier_llama-2-13b-chat-hf_biomedical_base_direct - INFO - 开始加载模型和tokenizer...
2025-07-22 20:54:19,045 - MedicalClassifier_llama-2-13b-chat-hf_biomedical_base_direct - INFO - 基础模型路径: /mnt/data1/FT/inspire_data_prep/models/ydyajyA/Llama-2-13b-chat-hf
2025-07-22 20:54:19,045 - MedicalClassifier_llama-2-13b-chat-hf_biomedical_base_direct - INFO - 是否使用LoRA: False
2025-07-22 20:54:19,045 - MedicalClassifier_llama-2-13b-chat-hf_biomedical_base_direct - INFO - ================================================================================
2025-07-22 20:54:19,045 - MedicalClassifier_llama-2-13b-chat-hf_biomedical_base_direct - INFO - 非70B模型，当前为多进程，采用数据并行（device_map=None）
2025-07-22 20:54:19,045 - MedicalClassifier_llama-2-13b-chat-hf_biomedical_base_direct - INFO - 正在加载tokenizer: /mnt/data1/FT/inspire_data_prep/models/ydyajyA/Llama-2-13b-chat-hf
2025-07-22 20:54:19,062 - MedicalClassifier_llama-2-13b-chat-hf_biomedical_base_direct - INFO - 开始运行评估实验...
2025-07-22 20:54:19,062 - MedicalClassifier_llama-2-13b-chat-hf_biomedical_base_direct - INFO - 实验配置:
2025-07-22 20:54:19,062 - MedicalClassifier_llama-2-13b-chat-hf_biomedical_base_direct - INFO -   - 基础模型: /mnt/data1/FT/inspire_data_prep/models/ydyajyA/Llama-2-13b-chat-hf
2025-07-22 20:54:19,062 - MedicalClassifier_llama-2-13b-chat-hf_biomedical_base_direct - INFO -   - 使用LoRA: False
2025-07-22 20:54:19,062 - MedicalClassifier_llama-2-13b-chat-hf_biomedical_base_direct - INFO -   - 数据集: biomedical
2025-07-22 20:54:19,063 - MedicalClassifier_llama-2-13b-chat-hf_biomedical_base_direct - INFO -   - 数据路径: /mnt/data1/TC/TextClassDemo/data/Biomedical/Biomedical_Test_Cxx.json
2025-07-22 20:54:19,063 - MedicalClassifier_llama-2-13b-chat-hf_biomedical_base_direct - INFO - ================================================================================
2025-07-22 20:54:19,063 - MedicalClassifier_llama-2-13b-chat-hf_biomedical_base_direct - INFO - 开始加载模型和tokenizer...
2025-07-22 20:54:19,063 - MedicalClassifier_llama-2-13b-chat-hf_biomedical_base_direct - INFO - 基础模型路径: /mnt/data1/FT/inspire_data_prep/models/ydyajyA/Llama-2-13b-chat-hf
2025-07-22 20:54:19,063 - MedicalClassifier_llama-2-13b-chat-hf_biomedical_base_direct - INFO - 是否使用LoRA: False
2025-07-22 20:54:19,063 - MedicalClassifier_llama-2-13b-chat-hf_biomedical_base_direct - INFO - ================================================================================
2025-07-22 20:54:19,063 - MedicalClassifier_llama-2-13b-chat-hf_biomedical_base_direct - INFO - 非70B模型，当前为多进程，采用数据并行（device_map=None）
2025-07-22 20:54:19,063 - MedicalClassifier_llama-2-13b-chat-hf_biomedical_base_direct - INFO - 正在加载tokenizer: /mnt/data1/FT/inspire_data_prep/models/ydyajyA/Llama-2-13b-chat-hf
2025-07-22 20:54:19,281 - MedicalClassifier_llama-2-13b-chat-hf_biomedical_base_direct - INFO - Tokenizer加载完成
2025-07-22 20:54:19,281 - MedicalClassifier_llama-2-13b-chat-hf_biomedical_base_direct - INFO - Chat template: {% if messages[0]['role'] == 'system' %}{% set loop_messages = messages[1:] %}{% set system_message = messages[0]['content'] %}{% else %}{% set loop_messages = messages %}{% set system_message = false %}{% endif %}{% for message in loop_messages %}{% if (message['role'] == 'user') != (loop.index0 % 2 == 0) %}{{ raise_exception('Conversation roles must alternate user/assistant/user/assistant/...') }}{% endif %}{% if loop.index0 == 0 and system_message != false %}{% set content = '<<SYS>>\n' + system_message + '\n<</SYS>>\n\n' + message['content'] %}{% else %}{% set content = message['content'] %}{% endif %}{% if message['role'] == 'user' %}{{ bos_token + '[INST] ' + content.strip() + ' [/INST]' }}{% elif message['role'] == 'assistant' %}{{ ' '  + content.strip() + ' ' + eos_token }}{% endif %}{% endfor %}
2025-07-22 20:54:19,281 - MedicalClassifier_llama-2-13b-chat-hf_biomedical_base_direct - INFO - 检测到Llama模型，使用chat_template
2025-07-22 20:54:19,281 - MedicalClassifier_llama-2-13b-chat-hf_biomedical_base_direct - INFO - 模板策略: chat_template
2025-07-22 20:54:19,281 - MedicalClassifier_llama-2-13b-chat-hf_biomedical_base_direct - INFO - 正在加载基础模型: /mnt/data1/FT/inspire_data_prep/models/ydyajyA/Llama-2-13b-chat-hf
2025-07-22 20:54:19,329 - MedicalClassifier_llama-2-13b-chat-hf_biomedical_base_direct - INFO - Tokenizer加载完成
2025-07-22 20:54:19,329 - MedicalClassifier_llama-2-13b-chat-hf_biomedical_base_direct - INFO - Chat template: {% if messages[0]['role'] == 'system' %}{% set loop_messages = messages[1:] %}{% set system_message = messages[0]['content'] %}{% else %}{% set loop_messages = messages %}{% set system_message = false %}{% endif %}{% for message in loop_messages %}{% if (message['role'] == 'user') != (loop.index0 % 2 == 0) %}{{ raise_exception('Conversation roles must alternate user/assistant/user/assistant/...') }}{% endif %}{% if loop.index0 == 0 and system_message != false %}{% set content = '<<SYS>>\n' + system_message + '\n<</SYS>>\n\n' + message['content'] %}{% else %}{% set content = message['content'] %}{% endif %}{% if message['role'] == 'user' %}{{ bos_token + '[INST] ' + content.strip() + ' [/INST]' }}{% elif message['role'] == 'assistant' %}{{ ' '  + content.strip() + ' ' + eos_token }}{% endif %}{% endfor %}
2025-07-22 20:54:19,329 - MedicalClassifier_llama-2-13b-chat-hf_biomedical_base_direct - INFO - 检测到Llama模型，使用chat_template
2025-07-22 20:54:19,329 - MedicalClassifier_llama-2-13b-chat-hf_biomedical_base_direct - INFO - 模板策略: chat_template
2025-07-22 20:54:19,330 - MedicalClassifier_llama-2-13b-chat-hf_biomedical_base_direct - INFO - 正在加载基础模型: /mnt/data1/FT/inspire_data_prep/models/ydyajyA/Llama-2-13b-chat-hf
2025-07-22 20:54:19,471 - MedicalClassifier_llama-2-13b-chat-hf_biomedical_base_direct - INFO - Tokenizer加载完成
2025-07-22 20:54:19,471 - MedicalClassifier_llama-2-13b-chat-hf_biomedical_base_direct - INFO - Chat template: {% if messages[0]['role'] == 'system' %}{% set loop_messages = messages[1:] %}{% set system_message = messages[0]['content'] %}{% else %}{% set loop_messages = messages %}{% set system_message = false %}{% endif %}{% for message in loop_messages %}{% if (message['role'] == 'user') != (loop.index0 % 2 == 0) %}{{ raise_exception('Conversation roles must alternate user/assistant/user/assistant/...') }}{% endif %}{% if loop.index0 == 0 and system_message != false %}{% set content = '<<SYS>>\n' + system_message + '\n<</SYS>>\n\n' + message['content'] %}{% else %}{% set content = message['content'] %}{% endif %}{% if message['role'] == 'user' %}{{ bos_token + '[INST] ' + content.strip() + ' [/INST]' }}{% elif message['role'] == 'assistant' %}{{ ' '  + content.strip() + ' ' + eos_token }}{% endif %}{% endfor %}
2025-07-22 20:54:19,471 - MedicalClassifier_llama-2-13b-chat-hf_biomedical_base_direct - INFO - 检测到Llama模型，使用chat_template
2025-07-22 20:54:19,471 - MedicalClassifier_llama-2-13b-chat-hf_biomedical_base_direct - INFO - 模板策略: chat_template
2025-07-22 20:54:19,472 - MedicalClassifier_llama-2-13b-chat-hf_biomedical_base_direct - INFO - 正在加载基础模型: /mnt/data1/FT/inspire_data_prep/models/ydyajyA/Llama-2-13b-chat-hf
2025-07-22 20:54:19,483 - MedicalClassifier_llama-2-13b-chat-hf_biomedical_base_direct - INFO - Tokenizer加载完成
2025-07-22 20:54:19,483 - MedicalClassifier_llama-2-13b-chat-hf_biomedical_base_direct - INFO - Chat template: {% if messages[0]['role'] == 'system' %}{% set loop_messages = messages[1:] %}{% set system_message = messages[0]['content'] %}{% else %}{% set loop_messages = messages %}{% set system_message = false %}{% endif %}{% for message in loop_messages %}{% if (message['role'] == 'user') != (loop.index0 % 2 == 0) %}{{ raise_exception('Conversation roles must alternate user/assistant/user/assistant/...') }}{% endif %}{% if loop.index0 == 0 and system_message != false %}{% set content = '<<SYS>>\n' + system_message + '\n<</SYS>>\n\n' + message['content'] %}{% else %}{% set content = message['content'] %}{% endif %}{% if message['role'] == 'user' %}{{ bos_token + '[INST] ' + content.strip() + ' [/INST]' }}{% elif message['role'] == 'assistant' %}{{ ' '  + content.strip() + ' ' + eos_token }}{% endif %}{% endfor %}
2025-07-22 20:54:19,483 - MedicalClassifier_llama-2-13b-chat-hf_biomedical_base_direct - INFO - 检测到Llama模型，使用chat_template
2025-07-22 20:54:19,483 - MedicalClassifier_llama-2-13b-chat-hf_biomedical_base_direct - INFO - 模板策略: chat_template
2025-07-22 20:54:19,483 - MedicalClassifier_llama-2-13b-chat-hf_biomedical_base_direct - INFO - 正在加载基础模型: /mnt/data1/FT/inspire_data_prep/models/ydyajyA/Llama-2-13b-chat-hf
2025-07-22 20:54:24,660 - MedicalClassifier_llama-2-13b-chat-hf_biomedical_base_direct - INFO - 基础模型加载完成
2025-07-22 20:54:24,660 - MedicalClassifier_llama-2-13b-chat-hf_biomedical_base_direct - INFO - 基础模型加载完成
2025-07-22 20:54:24,660 - MedicalClassifier_llama-2-13b-chat-hf_biomedical_base_direct - INFO - 基础模型加载完成
2025-07-22 20:54:24,661 - MedicalClassifier_llama-2-13b-chat-hf_biomedical_base_direct - INFO - 使用基础模型，不加载LoRA适配器
2025-07-22 20:54:24,661 - MedicalClassifier_llama-2-13b-chat-hf_biomedical_base_direct - INFO - 使用基础模型，不加载LoRA适配器
2025-07-22 20:54:24,661 - MedicalClassifier_llama-2-13b-chat-hf_biomedical_base_direct - INFO - 使用基础模型，不加载LoRA适配器
2025-07-22 20:54:24,663 - MedicalClassifier_llama-2-13b-chat-hf_biomedical_base_direct - INFO - ================================================================================
2025-07-22 20:54:24,663 - MedicalClassifier_llama-2-13b-chat-hf_biomedical_base_direct - INFO - 模型加载完成！
2025-07-22 20:54:24,663 - MedicalClassifier_llama-2-13b-chat-hf_biomedical_base_direct - INFO - 最终使用的模型: 基础模型
2025-07-22 20:54:24,663 - MedicalClassifier_llama-2-13b-chat-hf_biomedical_base_direct - INFO - 模型路径: /mnt/data1/FT/inspire_data_prep/models/ydyajyA/Llama-2-13b-chat-hf
2025-07-22 20:54:24,663 - MedicalClassifier_llama-2-13b-chat-hf_biomedical_base_direct - INFO - 模板策略: chat_template
2025-07-22 20:54:24,663 - MedicalClassifier_llama-2-13b-chat-hf_biomedical_base_direct - INFO - ================================================================================
2025-07-22 20:54:24,663 - MedicalClassifier_llama-2-13b-chat-hf_biomedical_base_direct - INFO - ================================================================================
2025-07-22 20:54:24,663 - MedicalClassifier_llama-2-13b-chat-hf_biomedical_base_direct - INFO - ================================================================================
2025-07-22 20:54:24,663 - MedicalClassifier_llama-2-13b-chat-hf_biomedical_base_direct - INFO - 加载数据集: /mnt/data1/TC/TextClassDemo/data/Biomedical/Biomedical_Test_Cxx.json
2025-07-22 20:54:24,664 - MedicalClassifier_llama-2-13b-chat-hf_biomedical_base_direct - INFO - 模型加载完成！
2025-07-22 20:54:24,664 - MedicalClassifier_llama-2-13b-chat-hf_biomedical_base_direct - INFO - 模型加载完成！
2025-07-22 20:54:24,664 - MedicalClassifier_llama-2-13b-chat-hf_biomedical_base_direct - INFO - 最终使用的模型: 基础模型
2025-07-22 20:54:24,664 - MedicalClassifier_llama-2-13b-chat-hf_biomedical_base_direct - INFO - 最终使用的模型: 基础模型
2025-07-22 20:54:24,664 - MedicalClassifier_llama-2-13b-chat-hf_biomedical_base_direct - INFO - 模型路径: /mnt/data1/FT/inspire_data_prep/models/ydyajyA/Llama-2-13b-chat-hf
2025-07-22 20:54:24,664 - MedicalClassifier_llama-2-13b-chat-hf_biomedical_base_direct - INFO - 模型路径: /mnt/data1/FT/inspire_data_prep/models/ydyajyA/Llama-2-13b-chat-hf
2025-07-22 20:54:24,664 - MedicalClassifier_llama-2-13b-chat-hf_biomedical_base_direct - INFO - 模板策略: chat_template
2025-07-22 20:54:24,664 - MedicalClassifier_llama-2-13b-chat-hf_biomedical_base_direct - INFO - 模板策略: chat_template
2025-07-22 20:54:24,664 - MedicalClassifier_llama-2-13b-chat-hf_biomedical_base_direct - INFO - ================================================================================
2025-07-22 20:54:24,664 - MedicalClassifier_llama-2-13b-chat-hf_biomedical_base_direct - INFO - ================================================================================
2025-07-22 20:54:24,664 - MedicalClassifier_llama-2-13b-chat-hf_biomedical_base_direct - INFO - 加载数据集: /mnt/data1/TC/TextClassDemo/data/Biomedical/Biomedical_Test_Cxx.json
2025-07-22 20:54:24,664 - MedicalClassifier_llama-2-13b-chat-hf_biomedical_base_direct - INFO - 加载数据集: /mnt/data1/TC/TextClassDemo/data/Biomedical/Biomedical_Test_Cxx.json
2025-07-22 20:54:24,709 - MedicalClassifier_llama-2-13b-chat-hf_biomedical_base_direct - INFO - 使用单一推理模式
2025-07-22 20:54:24,709 - MedicalClassifier_llama-2-13b-chat-hf_biomedical_base_direct - INFO - 开始批量推理...
2025-07-22 20:54:24,709 - MedicalClassifier_llama-2-13b-chat-hf_biomedical_base_direct - INFO - 使用单一推理模式
2025-07-22 20:54:24,709 - MedicalClassifier_llama-2-13b-chat-hf_biomedical_base_direct - INFO - 开始批量推理...
2025-07-22 20:54:24,709 - MedicalClassifier_llama-2-13b-chat-hf_biomedical_base_direct - INFO - 使用单一推理模式
2025-07-22 20:54:24,710 - MedicalClassifier_llama-2-13b-chat-hf_biomedical_base_direct - INFO - 开始批量推理...
2025-07-22 20:54:28,008 - MedicalClassifier_llama-2-13b-chat-hf_biomedical_base_direct - INFO - 基础模型加载完成
2025-07-22 20:54:28,009 - MedicalClassifier_llama-2-13b-chat-hf_biomedical_base_direct - INFO - 使用基础模型，不加载LoRA适配器
2025-07-22 20:54:28,011 - MedicalClassifier_llama-2-13b-chat-hf_biomedical_base_direct - INFO - ================================================================================
2025-07-22 20:54:28,011 - MedicalClassifier_llama-2-13b-chat-hf_biomedical_base_direct - INFO - 模型加载完成！
2025-07-22 20:54:28,011 - MedicalClassifier_llama-2-13b-chat-hf_biomedical_base_direct - INFO - 最终使用的模型: 基础模型
2025-07-22 20:54:28,011 - MedicalClassifier_llama-2-13b-chat-hf_biomedical_base_direct - INFO - 模型路径: /mnt/data1/FT/inspire_data_prep/models/ydyajyA/Llama-2-13b-chat-hf
2025-07-22 20:54:28,011 - MedicalClassifier_llama-2-13b-chat-hf_biomedical_base_direct - INFO - 模板策略: chat_template
2025-07-22 20:54:28,011 - MedicalClassifier_llama-2-13b-chat-hf_biomedical_base_direct - INFO - ================================================================================
2025-07-22 20:54:28,011 - MedicalClassifier_llama-2-13b-chat-hf_biomedical_base_direct - INFO - 加载数据集: /mnt/data1/TC/TextClassDemo/data/Biomedical/Biomedical_Test_Cxx.json
2025-07-22 20:54:28,054 - MedicalClassifier_llama-2-13b-chat-hf_biomedical_base_direct - INFO - 使用单一推理模式
2025-07-22 20:54:28,054 - MedicalClassifier_llama-2-13b-chat-hf_biomedical_base_direct - INFO - 开始批量推理...
2025-07-22 20:54:30,235 - MedicalClassifier_llama-2-13b-chat-hf_biomedical_base_direct - INFO - 基础模型加载完成
2025-07-22 20:54:30,235 - MedicalClassifier_llama-2-13b-chat-hf_biomedical_base_direct - INFO - 使用基础模型，不加载LoRA适配器
2025-07-22 20:54:30,237 - MedicalClassifier_llama-2-13b-chat-hf_biomedical_base_direct - INFO - ================================================================================
2025-07-22 20:54:30,237 - MedicalClassifier_llama-2-13b-chat-hf_biomedical_base_direct - INFO - 模型加载完成！
2025-07-22 20:54:30,237 - MedicalClassifier_llama-2-13b-chat-hf_biomedical_base_direct - INFO - 最终使用的模型: 基础模型
2025-07-22 20:54:30,237 - MedicalClassifier_llama-2-13b-chat-hf_biomedical_base_direct - INFO - 模型路径: /mnt/data1/FT/inspire_data_prep/models/ydyajyA/Llama-2-13b-chat-hf
2025-07-22 20:54:30,238 - MedicalClassifier_llama-2-13b-chat-hf_biomedical_base_direct - INFO - 模板策略: chat_template
2025-07-22 20:54:30,238 - MedicalClassifier_llama-2-13b-chat-hf_biomedical_base_direct - INFO - ================================================================================
2025-07-22 20:54:30,238 - MedicalClassifier_llama-2-13b-chat-hf_biomedical_base_direct - INFO - 加载数据集: /mnt/data1/TC/TextClassDemo/data/Biomedical/Biomedical_Test_Cxx.json
2025-07-22 20:54:30,269 - MedicalClassifier_llama-2-13b-chat-hf_biomedical_base_direct - INFO - 使用单一推理模式
2025-07-22 20:54:30,269 - MedicalClassifier_llama-2-13b-chat-hf_biomedical_base_direct - INFO - 开始批量推理...
2025-07-22 20:54:34,683 - MedicalClassifier_llama-2-13b-chat-hf_biomedical_base_direct - INFO - 基础模型加载完成
2025-07-22 20:54:34,683 - MedicalClassifier_llama-2-13b-chat-hf_biomedical_base_direct - INFO - 使用基础模型，不加载LoRA适配器
2025-07-22 20:54:34,685 - MedicalClassifier_llama-2-13b-chat-hf_biomedical_base_direct - INFO - 基础模型加载完成
2025-07-22 20:54:34,686 - MedicalClassifier_llama-2-13b-chat-hf_biomedical_base_direct - INFO - 使用基础模型，不加载LoRA适配器
2025-07-22 20:54:34,686 - MedicalClassifier_llama-2-13b-chat-hf_biomedical_base_direct - INFO - ================================================================================
2025-07-22 20:54:34,687 - MedicalClassifier_llama-2-13b-chat-hf_biomedical_base_direct - INFO - 模型加载完成！
2025-07-22 20:54:34,687 - MedicalClassifier_llama-2-13b-chat-hf_biomedical_base_direct - INFO - 最终使用的模型: 基础模型
2025-07-22 20:54:34,687 - MedicalClassifier_llama-2-13b-chat-hf_biomedical_base_direct - INFO - 模型路径: /mnt/data1/FT/inspire_data_prep/models/ydyajyA/Llama-2-13b-chat-hf
2025-07-22 20:54:34,687 - MedicalClassifier_llama-2-13b-chat-hf_biomedical_base_direct - INFO - 模板策略: chat_template
2025-07-22 20:54:34,687 - MedicalClassifier_llama-2-13b-chat-hf_biomedical_base_direct - INFO - ================================================================================
2025-07-22 20:54:34,687 - MedicalClassifier_llama-2-13b-chat-hf_biomedical_base_direct - INFO - 加载数据集: /mnt/data1/TC/TextClassDemo/data/Biomedical/Biomedical_Test_Cxx.json
2025-07-22 20:54:34,690 - MedicalClassifier_llama-2-13b-chat-hf_biomedical_base_direct - INFO - ================================================================================
2025-07-22 20:54:34,690 - MedicalClassifier_llama-2-13b-chat-hf_biomedical_base_direct - INFO - 模型加载完成！
2025-07-22 20:54:34,690 - MedicalClassifier_llama-2-13b-chat-hf_biomedical_base_direct - INFO - 最终使用的模型: 基础模型
2025-07-22 20:54:34,690 - MedicalClassifier_llama-2-13b-chat-hf_biomedical_base_direct - INFO - 模型路径: /mnt/data1/FT/inspire_data_prep/models/ydyajyA/Llama-2-13b-chat-hf
2025-07-22 20:54:34,690 - MedicalClassifier_llama-2-13b-chat-hf_biomedical_base_direct - INFO - 模板策略: chat_template
2025-07-22 20:54:34,690 - MedicalClassifier_llama-2-13b-chat-hf_biomedical_base_direct - INFO - ================================================================================
2025-07-22 20:54:34,690 - MedicalClassifier_llama-2-13b-chat-hf_biomedical_base_direct - INFO - 加载数据集: /mnt/data1/TC/TextClassDemo/data/Biomedical/Biomedical_Test_Cxx.json
2025-07-22 20:54:34,743 - MedicalClassifier_llama-2-13b-chat-hf_biomedical_base_direct - INFO - 使用单一推理模式
2025-07-22 20:54:34,744 - MedicalClassifier_llama-2-13b-chat-hf_biomedical_base_direct - INFO - 开始批量推理...
2025-07-22 20:54:34,751 - MedicalClassifier_llama-2-13b-chat-hf_biomedical_base_direct - INFO - 使用单一推理模式
2025-07-22 20:54:34,752 - MedicalClassifier_llama-2-13b-chat-hf_biomedical_base_direct - INFO - 开始批量推理...
2025-07-22 20:54:35,215 - MedicalClassifier_llama-2-13b-chat-hf_biomedical_base_direct - INFO - 基础模型加载完成
2025-07-22 20:54:35,216 - MedicalClassifier_llama-2-13b-chat-hf_biomedical_base_direct - INFO - 使用基础模型，不加载LoRA适配器
2025-07-22 20:54:35,220 - MedicalClassifier_llama-2-13b-chat-hf_biomedical_base_direct - INFO - ================================================================================
2025-07-22 20:54:35,220 - MedicalClassifier_llama-2-13b-chat-hf_biomedical_base_direct - INFO - 模型加载完成！
2025-07-22 20:54:35,220 - MedicalClassifier_llama-2-13b-chat-hf_biomedical_base_direct - INFO - 最终使用的模型: 基础模型
2025-07-22 20:54:35,220 - MedicalClassifier_llama-2-13b-chat-hf_biomedical_base_direct - INFO - 模型路径: /mnt/data1/FT/inspire_data_prep/models/ydyajyA/Llama-2-13b-chat-hf
2025-07-22 20:54:35,220 - MedicalClassifier_llama-2-13b-chat-hf_biomedical_base_direct - INFO - 模板策略: chat_template
2025-07-22 20:54:35,220 - MedicalClassifier_llama-2-13b-chat-hf_biomedical_base_direct - INFO - ================================================================================
2025-07-22 20:54:35,220 - MedicalClassifier_llama-2-13b-chat-hf_biomedical_base_direct - INFO - 加载数据集: /mnt/data1/TC/TextClassDemo/data/Biomedical/Biomedical_Test_Cxx.json
2025-07-22 20:54:35,280 - MedicalClassifier_llama-2-13b-chat-hf_biomedical_base_direct - INFO - 使用单一推理模式
2025-07-22 20:54:35,280 - MedicalClassifier_llama-2-13b-chat-hf_biomedical_base_direct - INFO - 开始批量推理...
2025-07-22 21:04:48,071 - MedicalClassifier_llama-2-13b-chat-hf_biomedical_base_direct - INFO - 开始运行评估实验...
2025-07-22 21:04:48,071 - MedicalClassifier_llama-2-13b-chat-hf_biomedical_base_direct - INFO - 实验配置:
2025-07-22 21:04:48,071 - MedicalClassifier_llama-2-13b-chat-hf_biomedical_base_direct - INFO -   - 基础模型: /mnt/data1/FT/inspire_data_prep/models/ydyajyA/Llama-2-13b-chat-hf
2025-07-22 21:04:48,071 - MedicalClassifier_llama-2-13b-chat-hf_biomedical_base_direct - INFO -   - 使用LoRA: False
2025-07-22 21:04:48,071 - MedicalClassifier_llama-2-13b-chat-hf_biomedical_base_direct - INFO -   - 数据集: biomedical
2025-07-22 21:04:48,071 - MedicalClassifier_llama-2-13b-chat-hf_biomedical_base_direct - INFO -   - 数据路径: /mnt/data1/TC/TextClassDemo/data/Biomedical/Biomedical_Test_Cxx.json
2025-07-22 21:04:48,071 - MedicalClassifier_llama-2-13b-chat-hf_biomedical_base_direct - INFO - ================================================================================
2025-07-22 21:04:48,071 - MedicalClassifier_llama-2-13b-chat-hf_biomedical_base_direct - INFO - 开始加载模型和tokenizer...
2025-07-22 21:04:48,071 - MedicalClassifier_llama-2-13b-chat-hf_biomedical_base_direct - INFO - 基础模型路径: /mnt/data1/FT/inspire_data_prep/models/ydyajyA/Llama-2-13b-chat-hf
2025-07-22 21:04:48,071 - MedicalClassifier_llama-2-13b-chat-hf_biomedical_base_direct - INFO - 是否使用LoRA: False
2025-07-22 21:04:48,072 - MedicalClassifier_llama-2-13b-chat-hf_biomedical_base_direct - INFO - ================================================================================
2025-07-22 21:04:48,072 - MedicalClassifier_llama-2-13b-chat-hf_biomedical_base_direct - INFO - 非70B模型，当前为多进程，采用数据并行（device_map=None）
2025-07-22 21:04:48,072 - MedicalClassifier_llama-2-13b-chat-hf_biomedical_base_direct - INFO - 正在加载tokenizer: /mnt/data1/FT/inspire_data_prep/models/ydyajyA/Llama-2-13b-chat-hf
2025-07-22 21:04:48,336 - MedicalClassifier_llama-2-13b-chat-hf_biomedical_base_direct - INFO - Tokenizer加载完成
2025-07-22 21:04:48,336 - MedicalClassifier_llama-2-13b-chat-hf_biomedical_base_direct - INFO - Chat template: {% if messages[0]['role'] == 'system' %}{% set loop_messages = messages[1:] %}{% set system_message = messages[0]['content'] %}{% else %}{% set loop_messages = messages %}{% set system_message = false %}{% endif %}{% for message in loop_messages %}{% if (message['role'] == 'user') != (loop.index0 % 2 == 0) %}{{ raise_exception('Conversation roles must alternate user/assistant/user/assistant/...') }}{% endif %}{% if loop.index0 == 0 and system_message != false %}{% set content = '<<SYS>>\n' + system_message + '\n<</SYS>>\n\n' + message['content'] %}{% else %}{% set content = message['content'] %}{% endif %}{% if message['role'] == 'user' %}{{ bos_token + '[INST] ' + content.strip() + ' [/INST]' }}{% elif message['role'] == 'assistant' %}{{ ' '  + content.strip() + ' ' + eos_token }}{% endif %}{% endfor %}
2025-07-22 21:04:48,336 - MedicalClassifier_llama-2-13b-chat-hf_biomedical_base_direct - INFO - 检测到Llama模型，使用chat_template
2025-07-22 21:04:48,336 - MedicalClassifier_llama-2-13b-chat-hf_biomedical_base_direct - INFO - 模板策略: chat_template
2025-07-22 21:04:48,336 - MedicalClassifier_llama-2-13b-chat-hf_biomedical_base_direct - INFO - 正在加载基础模型: /mnt/data1/FT/inspire_data_prep/models/ydyajyA/Llama-2-13b-chat-hf
2025-07-22 21:04:48,392 - MedicalClassifier_llama-2-13b-chat-hf_biomedical_base_direct - INFO - 开始运行评估实验...
2025-07-22 21:04:48,392 - MedicalClassifier_llama-2-13b-chat-hf_biomedical_base_direct - INFO - 实验配置:
2025-07-22 21:04:48,393 - MedicalClassifier_llama-2-13b-chat-hf_biomedical_base_direct - INFO -   - 基础模型: /mnt/data1/FT/inspire_data_prep/models/ydyajyA/Llama-2-13b-chat-hf
2025-07-22 21:04:48,393 - MedicalClassifier_llama-2-13b-chat-hf_biomedical_base_direct - INFO -   - 使用LoRA: False
2025-07-22 21:04:48,393 - MedicalClassifier_llama-2-13b-chat-hf_biomedical_base_direct - INFO -   - 数据集: biomedical
2025-07-22 21:04:48,393 - MedicalClassifier_llama-2-13b-chat-hf_biomedical_base_direct - INFO -   - 数据路径: /mnt/data1/TC/TextClassDemo/data/Biomedical/Biomedical_Test_Cxx.json
2025-07-22 21:04:48,393 - MedicalClassifier_llama-2-13b-chat-hf_biomedical_base_direct - INFO - ================================================================================
2025-07-22 21:04:48,393 - MedicalClassifier_llama-2-13b-chat-hf_biomedical_base_direct - INFO - 开始加载模型和tokenizer...
2025-07-22 21:04:48,393 - MedicalClassifier_llama-2-13b-chat-hf_biomedical_base_direct - INFO - 基础模型路径: /mnt/data1/FT/inspire_data_prep/models/ydyajyA/Llama-2-13b-chat-hf
2025-07-22 21:04:48,393 - MedicalClassifier_llama-2-13b-chat-hf_biomedical_base_direct - INFO - 是否使用LoRA: False
2025-07-22 21:04:48,393 - MedicalClassifier_llama-2-13b-chat-hf_biomedical_base_direct - INFO - ================================================================================
2025-07-22 21:04:48,393 - MedicalClassifier_llama-2-13b-chat-hf_biomedical_base_direct - INFO - 非70B模型，当前为多进程，采用数据并行（device_map=None）
2025-07-22 21:04:48,393 - MedicalClassifier_llama-2-13b-chat-hf_biomedical_base_direct - INFO - 正在加载tokenizer: /mnt/data1/FT/inspire_data_prep/models/ydyajyA/Llama-2-13b-chat-hf
2025-07-22 21:04:48,622 - MedicalClassifier_llama-2-13b-chat-hf_biomedical_base_direct - INFO - Tokenizer加载完成
2025-07-22 21:04:48,622 - MedicalClassifier_llama-2-13b-chat-hf_biomedical_base_direct - INFO - Chat template: {% if messages[0]['role'] == 'system' %}{% set loop_messages = messages[1:] %}{% set system_message = messages[0]['content'] %}{% else %}{% set loop_messages = messages %}{% set system_message = false %}{% endif %}{% for message in loop_messages %}{% if (message['role'] == 'user') != (loop.index0 % 2 == 0) %}{{ raise_exception('Conversation roles must alternate user/assistant/user/assistant/...') }}{% endif %}{% if loop.index0 == 0 and system_message != false %}{% set content = '<<SYS>>\n' + system_message + '\n<</SYS>>\n\n' + message['content'] %}{% else %}{% set content = message['content'] %}{% endif %}{% if message['role'] == 'user' %}{{ bos_token + '[INST] ' + content.strip() + ' [/INST]' }}{% elif message['role'] == 'assistant' %}{{ ' '  + content.strip() + ' ' + eos_token }}{% endif %}{% endfor %}
2025-07-22 21:04:48,622 - MedicalClassifier_llama-2-13b-chat-hf_biomedical_base_direct - INFO - 检测到Llama模型，使用chat_template
2025-07-22 21:04:48,622 - MedicalClassifier_llama-2-13b-chat-hf_biomedical_base_direct - INFO - 模板策略: chat_template
2025-07-22 21:04:48,622 - MedicalClassifier_llama-2-13b-chat-hf_biomedical_base_direct - INFO - 正在加载基础模型: /mnt/data1/FT/inspire_data_prep/models/ydyajyA/Llama-2-13b-chat-hf
2025-07-22 21:04:49,283 - MedicalClassifier_llama-2-13b-chat-hf_biomedical_base_direct - INFO - 开始运行评估实验...
2025-07-22 21:04:49,284 - MedicalClassifier_llama-2-13b-chat-hf_biomedical_base_direct - INFO - 实验配置:
2025-07-22 21:04:49,284 - MedicalClassifier_llama-2-13b-chat-hf_biomedical_base_direct - INFO -   - 基础模型: /mnt/data1/FT/inspire_data_prep/models/ydyajyA/Llama-2-13b-chat-hf
2025-07-22 21:04:49,284 - MedicalClassifier_llama-2-13b-chat-hf_biomedical_base_direct - INFO -   - 使用LoRA: False
2025-07-22 21:04:49,284 - MedicalClassifier_llama-2-13b-chat-hf_biomedical_base_direct - INFO -   - 数据集: biomedical
2025-07-22 21:04:49,284 - MedicalClassifier_llama-2-13b-chat-hf_biomedical_base_direct - INFO -   - 数据路径: /mnt/data1/TC/TextClassDemo/data/Biomedical/Biomedical_Test_Cxx.json
2025-07-22 21:04:49,284 - MedicalClassifier_llama-2-13b-chat-hf_biomedical_base_direct - INFO - ================================================================================
2025-07-22 21:04:49,284 - MedicalClassifier_llama-2-13b-chat-hf_biomedical_base_direct - INFO - 开始加载模型和tokenizer...
2025-07-22 21:04:49,284 - MedicalClassifier_llama-2-13b-chat-hf_biomedical_base_direct - INFO - 基础模型路径: /mnt/data1/FT/inspire_data_prep/models/ydyajyA/Llama-2-13b-chat-hf
2025-07-22 21:04:49,284 - MedicalClassifier_llama-2-13b-chat-hf_biomedical_base_direct - INFO - 是否使用LoRA: False
2025-07-22 21:04:49,284 - MedicalClassifier_llama-2-13b-chat-hf_biomedical_base_direct - INFO - ================================================================================
2025-07-22 21:04:49,284 - MedicalClassifier_llama-2-13b-chat-hf_biomedical_base_direct - INFO - 非70B模型，当前为多进程，采用数据并行（device_map=None）
2025-07-22 21:04:49,284 - MedicalClassifier_llama-2-13b-chat-hf_biomedical_base_direct - INFO - 正在加载tokenizer: /mnt/data1/FT/inspire_data_prep/models/ydyajyA/Llama-2-13b-chat-hf
2025-07-22 21:04:49,324 - MedicalClassifier_llama-2-13b-chat-hf_biomedical_base_direct - INFO - 开始运行评估实验...
2025-07-22 21:04:49,325 - MedicalClassifier_llama-2-13b-chat-hf_biomedical_base_direct - INFO - 实验配置:
2025-07-22 21:04:49,325 - MedicalClassifier_llama-2-13b-chat-hf_biomedical_base_direct - INFO -   - 基础模型: /mnt/data1/FT/inspire_data_prep/models/ydyajyA/Llama-2-13b-chat-hf
2025-07-22 21:04:49,325 - MedicalClassifier_llama-2-13b-chat-hf_biomedical_base_direct - INFO -   - 使用LoRA: False
2025-07-22 21:04:49,325 - MedicalClassifier_llama-2-13b-chat-hf_biomedical_base_direct - INFO -   - 数据集: biomedical
2025-07-22 21:04:49,325 - MedicalClassifier_llama-2-13b-chat-hf_biomedical_base_direct - INFO -   - 数据路径: /mnt/data1/TC/TextClassDemo/data/Biomedical/Biomedical_Test_Cxx.json
2025-07-22 21:04:49,325 - MedicalClassifier_llama-2-13b-chat-hf_biomedical_base_direct - INFO - ================================================================================
2025-07-22 21:04:49,325 - MedicalClassifier_llama-2-13b-chat-hf_biomedical_base_direct - INFO - 开始加载模型和tokenizer...
2025-07-22 21:04:49,325 - MedicalClassifier_llama-2-13b-chat-hf_biomedical_base_direct - INFO - 基础模型路径: /mnt/data1/FT/inspire_data_prep/models/ydyajyA/Llama-2-13b-chat-hf
2025-07-22 21:04:49,325 - MedicalClassifier_llama-2-13b-chat-hf_biomedical_base_direct - INFO - 是否使用LoRA: False
2025-07-22 21:04:49,325 - MedicalClassifier_llama-2-13b-chat-hf_biomedical_base_direct - INFO - ================================================================================
2025-07-22 21:04:49,325 - MedicalClassifier_llama-2-13b-chat-hf_biomedical_base_direct - INFO - 非70B模型，当前为多进程，采用数据并行（device_map=None）
2025-07-22 21:04:49,325 - MedicalClassifier_llama-2-13b-chat-hf_biomedical_base_direct - INFO - 正在加载tokenizer: /mnt/data1/FT/inspire_data_prep/models/ydyajyA/Llama-2-13b-chat-hf
2025-07-22 21:04:49,370 - MedicalClassifier_llama-2-13b-chat-hf_biomedical_base_direct - INFO - 开始运行评估实验...
2025-07-22 21:04:49,371 - MedicalClassifier_llama-2-13b-chat-hf_biomedical_base_direct - INFO - 实验配置:
2025-07-22 21:04:49,371 - MedicalClassifier_llama-2-13b-chat-hf_biomedical_base_direct - INFO -   - 基础模型: /mnt/data1/FT/inspire_data_prep/models/ydyajyA/Llama-2-13b-chat-hf
2025-07-22 21:04:49,371 - MedicalClassifier_llama-2-13b-chat-hf_biomedical_base_direct - INFO -   - 使用LoRA: False
2025-07-22 21:04:49,371 - MedicalClassifier_llama-2-13b-chat-hf_biomedical_base_direct - INFO -   - 数据集: biomedical
2025-07-22 21:04:49,371 - MedicalClassifier_llama-2-13b-chat-hf_biomedical_base_direct - INFO -   - 数据路径: /mnt/data1/TC/TextClassDemo/data/Biomedical/Biomedical_Test_Cxx.json
2025-07-22 21:04:49,371 - MedicalClassifier_llama-2-13b-chat-hf_biomedical_base_direct - INFO - ================================================================================
2025-07-22 21:04:49,371 - MedicalClassifier_llama-2-13b-chat-hf_biomedical_base_direct - INFO - 开始加载模型和tokenizer...
2025-07-22 21:04:49,371 - MedicalClassifier_llama-2-13b-chat-hf_biomedical_base_direct - INFO - 基础模型路径: /mnt/data1/FT/inspire_data_prep/models/ydyajyA/Llama-2-13b-chat-hf
2025-07-22 21:04:49,371 - MedicalClassifier_llama-2-13b-chat-hf_biomedical_base_direct - INFO - 是否使用LoRA: False
2025-07-22 21:04:49,371 - MedicalClassifier_llama-2-13b-chat-hf_biomedical_base_direct - INFO - ================================================================================
2025-07-22 21:04:49,371 - MedicalClassifier_llama-2-13b-chat-hf_biomedical_base_direct - INFO - 非70B模型，当前为多进程，采用数据并行（device_map=None）
2025-07-22 21:04:49,371 - MedicalClassifier_llama-2-13b-chat-hf_biomedical_base_direct - INFO - 正在加载tokenizer: /mnt/data1/FT/inspire_data_prep/models/ydyajyA/Llama-2-13b-chat-hf
2025-07-22 21:04:49,754 - MedicalClassifier_llama-2-13b-chat-hf_biomedical_base_direct - INFO - 开始运行评估实验...
2025-07-22 21:04:49,755 - MedicalClassifier_llama-2-13b-chat-hf_biomedical_base_direct - INFO - 实验配置:
2025-07-22 21:04:49,755 - MedicalClassifier_llama-2-13b-chat-hf_biomedical_base_direct - INFO -   - 基础模型: /mnt/data1/FT/inspire_data_prep/models/ydyajyA/Llama-2-13b-chat-hf
2025-07-22 21:04:49,755 - MedicalClassifier_llama-2-13b-chat-hf_biomedical_base_direct - INFO -   - 使用LoRA: False
2025-07-22 21:04:49,755 - MedicalClassifier_llama-2-13b-chat-hf_biomedical_base_direct - INFO -   - 数据集: biomedical
2025-07-22 21:04:49,755 - MedicalClassifier_llama-2-13b-chat-hf_biomedical_base_direct - INFO -   - 数据路径: /mnt/data1/TC/TextClassDemo/data/Biomedical/Biomedical_Test_Cxx.json
2025-07-22 21:04:49,755 - MedicalClassifier_llama-2-13b-chat-hf_biomedical_base_direct - INFO - ================================================================================
2025-07-22 21:04:49,755 - MedicalClassifier_llama-2-13b-chat-hf_biomedical_base_direct - INFO - 开始加载模型和tokenizer...
2025-07-22 21:04:49,755 - MedicalClassifier_llama-2-13b-chat-hf_biomedical_base_direct - INFO - 基础模型路径: /mnt/data1/FT/inspire_data_prep/models/ydyajyA/Llama-2-13b-chat-hf
2025-07-22 21:04:49,755 - MedicalClassifier_llama-2-13b-chat-hf_biomedical_base_direct - INFO - 是否使用LoRA: False
2025-07-22 21:04:49,755 - MedicalClassifier_llama-2-13b-chat-hf_biomedical_base_direct - INFO - ================================================================================
2025-07-22 21:04:49,755 - MedicalClassifier_llama-2-13b-chat-hf_biomedical_base_direct - INFO - 非70B模型，当前为多进程，采用数据并行（device_map=None）
2025-07-22 21:04:49,755 - MedicalClassifier_llama-2-13b-chat-hf_biomedical_base_direct - INFO - 正在加载tokenizer: /mnt/data1/FT/inspire_data_prep/models/ydyajyA/Llama-2-13b-chat-hf
2025-07-22 21:04:49,764 - MedicalClassifier_llama-2-13b-chat-hf_biomedical_base_direct - INFO - Tokenizer加载完成
2025-07-22 21:04:49,764 - MedicalClassifier_llama-2-13b-chat-hf_biomedical_base_direct - INFO - Chat template: {% if messages[0]['role'] == 'system' %}{% set loop_messages = messages[1:] %}{% set system_message = messages[0]['content'] %}{% else %}{% set loop_messages = messages %}{% set system_message = false %}{% endif %}{% for message in loop_messages %}{% if (message['role'] == 'user') != (loop.index0 % 2 == 0) %}{{ raise_exception('Conversation roles must alternate user/assistant/user/assistant/...') }}{% endif %}{% if loop.index0 == 0 and system_message != false %}{% set content = '<<SYS>>\n' + system_message + '\n<</SYS>>\n\n' + message['content'] %}{% else %}{% set content = message['content'] %}{% endif %}{% if message['role'] == 'user' %}{{ bos_token + '[INST] ' + content.strip() + ' [/INST]' }}{% elif message['role'] == 'assistant' %}{{ ' '  + content.strip() + ' ' + eos_token }}{% endif %}{% endfor %}
2025-07-22 21:04:49,765 - MedicalClassifier_llama-2-13b-chat-hf_biomedical_base_direct - INFO - 检测到Llama模型，使用chat_template
2025-07-22 21:04:49,765 - MedicalClassifier_llama-2-13b-chat-hf_biomedical_base_direct - INFO - 模板策略: chat_template
2025-07-22 21:04:49,765 - MedicalClassifier_llama-2-13b-chat-hf_biomedical_base_direct - INFO - 正在加载基础模型: /mnt/data1/FT/inspire_data_prep/models/ydyajyA/Llama-2-13b-chat-hf
2025-07-22 21:04:49,767 - MedicalClassifier_llama-2-13b-chat-hf_biomedical_base_direct - INFO - Tokenizer加载完成
2025-07-22 21:04:49,767 - MedicalClassifier_llama-2-13b-chat-hf_biomedical_base_direct - INFO - Chat template: {% if messages[0]['role'] == 'system' %}{% set loop_messages = messages[1:] %}{% set system_message = messages[0]['content'] %}{% else %}{% set loop_messages = messages %}{% set system_message = false %}{% endif %}{% for message in loop_messages %}{% if (message['role'] == 'user') != (loop.index0 % 2 == 0) %}{{ raise_exception('Conversation roles must alternate user/assistant/user/assistant/...') }}{% endif %}{% if loop.index0 == 0 and system_message != false %}{% set content = '<<SYS>>\n' + system_message + '\n<</SYS>>\n\n' + message['content'] %}{% else %}{% set content = message['content'] %}{% endif %}{% if message['role'] == 'user' %}{{ bos_token + '[INST] ' + content.strip() + ' [/INST]' }}{% elif message['role'] == 'assistant' %}{{ ' '  + content.strip() + ' ' + eos_token }}{% endif %}{% endfor %}
2025-07-22 21:04:49,767 - MedicalClassifier_llama-2-13b-chat-hf_biomedical_base_direct - INFO - 检测到Llama模型，使用chat_template
2025-07-22 21:04:49,767 - MedicalClassifier_llama-2-13b-chat-hf_biomedical_base_direct - INFO - 模板策略: chat_template
2025-07-22 21:04:49,767 - MedicalClassifier_llama-2-13b-chat-hf_biomedical_base_direct - INFO - 正在加载基础模型: /mnt/data1/FT/inspire_data_prep/models/ydyajyA/Llama-2-13b-chat-hf
2025-07-22 21:04:49,809 - MedicalClassifier_llama-2-13b-chat-hf_biomedical_base_direct - INFO - 开始运行评估实验...
2025-07-22 21:04:49,809 - MedicalClassifier_llama-2-13b-chat-hf_biomedical_base_direct - INFO - 实验配置:
2025-07-22 21:04:49,809 - MedicalClassifier_llama-2-13b-chat-hf_biomedical_base_direct - INFO -   - 基础模型: /mnt/data1/FT/inspire_data_prep/models/ydyajyA/Llama-2-13b-chat-hf
2025-07-22 21:04:49,809 - MedicalClassifier_llama-2-13b-chat-hf_biomedical_base_direct - INFO -   - 使用LoRA: False
2025-07-22 21:04:49,809 - MedicalClassifier_llama-2-13b-chat-hf_biomedical_base_direct - INFO -   - 数据集: biomedical
2025-07-22 21:04:49,809 - MedicalClassifier_llama-2-13b-chat-hf_biomedical_base_direct - INFO -   - 数据路径: /mnt/data1/TC/TextClassDemo/data/Biomedical/Biomedical_Test_Cxx.json
2025-07-22 21:04:49,809 - MedicalClassifier_llama-2-13b-chat-hf_biomedical_base_direct - INFO - ================================================================================
2025-07-22 21:04:49,809 - MedicalClassifier_llama-2-13b-chat-hf_biomedical_base_direct - INFO - 开始加载模型和tokenizer...
2025-07-22 21:04:49,809 - MedicalClassifier_llama-2-13b-chat-hf_biomedical_base_direct - INFO - 基础模型路径: /mnt/data1/FT/inspire_data_prep/models/ydyajyA/Llama-2-13b-chat-hf
2025-07-22 21:04:49,809 - MedicalClassifier_llama-2-13b-chat-hf_biomedical_base_direct - INFO - 是否使用LoRA: False
2025-07-22 21:04:49,809 - MedicalClassifier_llama-2-13b-chat-hf_biomedical_base_direct - INFO - Tokenizer加载完成
2025-07-22 21:04:49,809 - MedicalClassifier_llama-2-13b-chat-hf_biomedical_base_direct - INFO - ================================================================================
2025-07-22 21:04:49,810 - MedicalClassifier_llama-2-13b-chat-hf_biomedical_base_direct - INFO - 非70B模型，当前为多进程，采用数据并行（device_map=None）
2025-07-22 21:04:49,810 - MedicalClassifier_llama-2-13b-chat-hf_biomedical_base_direct - INFO - Chat template: {% if messages[0]['role'] == 'system' %}{% set loop_messages = messages[1:] %}{% set system_message = messages[0]['content'] %}{% else %}{% set loop_messages = messages %}{% set system_message = false %}{% endif %}{% for message in loop_messages %}{% if (message['role'] == 'user') != (loop.index0 % 2 == 0) %}{{ raise_exception('Conversation roles must alternate user/assistant/user/assistant/...') }}{% endif %}{% if loop.index0 == 0 and system_message != false %}{% set content = '<<SYS>>\n' + system_message + '\n<</SYS>>\n\n' + message['content'] %}{% else %}{% set content = message['content'] %}{% endif %}{% if message['role'] == 'user' %}{{ bos_token + '[INST] ' + content.strip() + ' [/INST]' }}{% elif message['role'] == 'assistant' %}{{ ' '  + content.strip() + ' ' + eos_token }}{% endif %}{% endfor %}
2025-07-22 21:04:49,810 - MedicalClassifier_llama-2-13b-chat-hf_biomedical_base_direct - INFO - 正在加载tokenizer: /mnt/data1/FT/inspire_data_prep/models/ydyajyA/Llama-2-13b-chat-hf
2025-07-22 21:04:49,810 - MedicalClassifier_llama-2-13b-chat-hf_biomedical_base_direct - INFO - 检测到Llama模型，使用chat_template
2025-07-22 21:04:49,810 - MedicalClassifier_llama-2-13b-chat-hf_biomedical_base_direct - INFO - 模板策略: chat_template
2025-07-22 21:04:49,810 - MedicalClassifier_llama-2-13b-chat-hf_biomedical_base_direct - INFO - 正在加载基础模型: /mnt/data1/FT/inspire_data_prep/models/ydyajyA/Llama-2-13b-chat-hf
2025-07-22 21:04:50,123 - MedicalClassifier_llama-2-13b-chat-hf_biomedical_base_direct - INFO - Tokenizer加载完成
2025-07-22 21:04:50,123 - MedicalClassifier_llama-2-13b-chat-hf_biomedical_base_direct - INFO - Chat template: {% if messages[0]['role'] == 'system' %}{% set loop_messages = messages[1:] %}{% set system_message = messages[0]['content'] %}{% else %}{% set loop_messages = messages %}{% set system_message = false %}{% endif %}{% for message in loop_messages %}{% if (message['role'] == 'user') != (loop.index0 % 2 == 0) %}{{ raise_exception('Conversation roles must alternate user/assistant/user/assistant/...') }}{% endif %}{% if loop.index0 == 0 and system_message != false %}{% set content = '<<SYS>>\n' + system_message + '\n<</SYS>>\n\n' + message['content'] %}{% else %}{% set content = message['content'] %}{% endif %}{% if message['role'] == 'user' %}{{ bos_token + '[INST] ' + content.strip() + ' [/INST]' }}{% elif message['role'] == 'assistant' %}{{ ' '  + content.strip() + ' ' + eos_token }}{% endif %}{% endfor %}
2025-07-22 21:04:50,123 - MedicalClassifier_llama-2-13b-chat-hf_biomedical_base_direct - INFO - 检测到Llama模型，使用chat_template
2025-07-22 21:04:50,123 - MedicalClassifier_llama-2-13b-chat-hf_biomedical_base_direct - INFO - 模板策略: chat_template
2025-07-22 21:04:50,123 - MedicalClassifier_llama-2-13b-chat-hf_biomedical_base_direct - INFO - 正在加载基础模型: /mnt/data1/FT/inspire_data_prep/models/ydyajyA/Llama-2-13b-chat-hf
2025-07-22 21:04:50,235 - MedicalClassifier_llama-2-13b-chat-hf_biomedical_base_direct - INFO - Tokenizer加载完成
2025-07-22 21:04:50,235 - MedicalClassifier_llama-2-13b-chat-hf_biomedical_base_direct - INFO - Chat template: {% if messages[0]['role'] == 'system' %}{% set loop_messages = messages[1:] %}{% set system_message = messages[0]['content'] %}{% else %}{% set loop_messages = messages %}{% set system_message = false %}{% endif %}{% for message in loop_messages %}{% if (message['role'] == 'user') != (loop.index0 % 2 == 0) %}{{ raise_exception('Conversation roles must alternate user/assistant/user/assistant/...') }}{% endif %}{% if loop.index0 == 0 and system_message != false %}{% set content = '<<SYS>>\n' + system_message + '\n<</SYS>>\n\n' + message['content'] %}{% else %}{% set content = message['content'] %}{% endif %}{% if message['role'] == 'user' %}{{ bos_token + '[INST] ' + content.strip() + ' [/INST]' }}{% elif message['role'] == 'assistant' %}{{ ' '  + content.strip() + ' ' + eos_token }}{% endif %}{% endfor %}
2025-07-22 21:04:50,235 - MedicalClassifier_llama-2-13b-chat-hf_biomedical_base_direct - INFO - 检测到Llama模型，使用chat_template
2025-07-22 21:04:50,235 - MedicalClassifier_llama-2-13b-chat-hf_biomedical_base_direct - INFO - 模板策略: chat_template
2025-07-22 21:04:50,235 - MedicalClassifier_llama-2-13b-chat-hf_biomedical_base_direct - INFO - 正在加载基础模型: /mnt/data1/FT/inspire_data_prep/models/ydyajyA/Llama-2-13b-chat-hf
2025-07-22 21:04:53,360 - MedicalClassifier_llama-2-13b-chat-hf_biomedical_base_direct - INFO - 开始运行评估实验...
2025-07-22 21:04:53,360 - MedicalClassifier_llama-2-13b-chat-hf_biomedical_base_direct - INFO - 实验配置:
2025-07-22 21:04:53,360 - MedicalClassifier_llama-2-13b-chat-hf_biomedical_base_direct - INFO -   - 基础模型: /mnt/data1/FT/inspire_data_prep/models/ydyajyA/Llama-2-13b-chat-hf
2025-07-22 21:04:53,361 - MedicalClassifier_llama-2-13b-chat-hf_biomedical_base_direct - INFO -   - 使用LoRA: False
2025-07-22 21:04:53,361 - MedicalClassifier_llama-2-13b-chat-hf_biomedical_base_direct - INFO -   - 数据集: biomedical
2025-07-22 21:04:53,361 - MedicalClassifier_llama-2-13b-chat-hf_biomedical_base_direct - INFO -   - 数据路径: /mnt/data1/TC/TextClassDemo/data/Biomedical/Biomedical_Test_Cxx.json
2025-07-22 21:04:53,361 - MedicalClassifier_llama-2-13b-chat-hf_biomedical_base_direct - INFO - ================================================================================
2025-07-22 21:04:53,361 - MedicalClassifier_llama-2-13b-chat-hf_biomedical_base_direct - INFO - 开始加载模型和tokenizer...
2025-07-22 21:04:53,361 - MedicalClassifier_llama-2-13b-chat-hf_biomedical_base_direct - INFO - 基础模型路径: /mnt/data1/FT/inspire_data_prep/models/ydyajyA/Llama-2-13b-chat-hf
2025-07-22 21:04:53,361 - MedicalClassifier_llama-2-13b-chat-hf_biomedical_base_direct - INFO - 是否使用LoRA: False
2025-07-22 21:04:53,361 - MedicalClassifier_llama-2-13b-chat-hf_biomedical_base_direct - INFO - ================================================================================
2025-07-22 21:04:53,361 - MedicalClassifier_llama-2-13b-chat-hf_biomedical_base_direct - INFO - 非70B模型，当前为多进程，采用数据并行（device_map=None）
2025-07-22 21:04:53,361 - MedicalClassifier_llama-2-13b-chat-hf_biomedical_base_direct - INFO - 正在加载tokenizer: /mnt/data1/FT/inspire_data_prep/models/ydyajyA/Llama-2-13b-chat-hf
2025-07-22 21:12:38,001 - MedicalClassifier_llama-2-13b-chat-hf_biomedical_base_direct - INFO - 开始运行评估实验...
2025-07-22 21:12:38,001 - MedicalClassifier_llama-2-13b-chat-hf_biomedical_base_direct - INFO - 实验配置:
2025-07-22 21:12:38,001 - MedicalClassifier_llama-2-13b-chat-hf_biomedical_base_direct - INFO -   - 基础模型: /mnt/data1/FT/inspire_data_prep/models/ydyajyA/Llama-2-13b-chat-hf
2025-07-22 21:12:38,001 - MedicalClassifier_llama-2-13b-chat-hf_biomedical_base_direct - INFO -   - 使用LoRA: False
2025-07-22 21:12:38,001 - MedicalClassifier_llama-2-13b-chat-hf_biomedical_base_direct - INFO -   - 数据集: biomedical
2025-07-22 21:12:38,001 - MedicalClassifier_llama-2-13b-chat-hf_biomedical_base_direct - INFO -   - 数据路径: /mnt/data1/TC/TextClassDemo/data/Biomedical/Biomedical_Test_Cxx.json
2025-07-22 21:12:38,001 - MedicalClassifier_llama-2-13b-chat-hf_biomedical_base_direct - INFO - ================================================================================
2025-07-22 21:12:38,001 - MedicalClassifier_llama-2-13b-chat-hf_biomedical_base_direct - INFO - 开始加载模型和tokenizer...
2025-07-22 21:12:38,001 - MedicalClassifier_llama-2-13b-chat-hf_biomedical_base_direct - INFO - 基础模型路径: /mnt/data1/FT/inspire_data_prep/models/ydyajyA/Llama-2-13b-chat-hf
2025-07-22 21:12:38,001 - MedicalClassifier_llama-2-13b-chat-hf_biomedical_base_direct - INFO - 是否使用LoRA: False
2025-07-22 21:12:38,001 - MedicalClassifier_llama-2-13b-chat-hf_biomedical_base_direct - INFO - ================================================================================
2025-07-22 21:12:38,001 - MedicalClassifier_llama-2-13b-chat-hf_biomedical_base_direct - INFO - 非70B模型，当前为多进程，采用数据并行（device_map=None）
2025-07-22 21:12:38,001 - MedicalClassifier_llama-2-13b-chat-hf_biomedical_base_direct - INFO - 正在加载tokenizer: /mnt/data1/FT/inspire_data_prep/models/ydyajyA/Llama-2-13b-chat-hf
2025-07-22 21:12:38,026 - MedicalClassifier_llama-2-13b-chat-hf_biomedical_base_direct - INFO - 开始运行评估实验...
2025-07-22 21:12:38,027 - MedicalClassifier_llama-2-13b-chat-hf_biomedical_base_direct - INFO - 实验配置:
2025-07-22 21:12:38,027 - MedicalClassifier_llama-2-13b-chat-hf_biomedical_base_direct - INFO -   - 基础模型: /mnt/data1/FT/inspire_data_prep/models/ydyajyA/Llama-2-13b-chat-hf
2025-07-22 21:12:38,027 - MedicalClassifier_llama-2-13b-chat-hf_biomedical_base_direct - INFO -   - 使用LoRA: False
2025-07-22 21:12:38,027 - MedicalClassifier_llama-2-13b-chat-hf_biomedical_base_direct - INFO -   - 数据集: biomedical
2025-07-22 21:12:38,027 - MedicalClassifier_llama-2-13b-chat-hf_biomedical_base_direct - INFO -   - 数据路径: /mnt/data1/TC/TextClassDemo/data/Biomedical/Biomedical_Test_Cxx.json
2025-07-22 21:12:38,027 - MedicalClassifier_llama-2-13b-chat-hf_biomedical_base_direct - INFO - ================================================================================
2025-07-22 21:12:38,027 - MedicalClassifier_llama-2-13b-chat-hf_biomedical_base_direct - INFO - 开始加载模型和tokenizer...
2025-07-22 21:12:38,027 - MedicalClassifier_llama-2-13b-chat-hf_biomedical_base_direct - INFO - 基础模型路径: /mnt/data1/FT/inspire_data_prep/models/ydyajyA/Llama-2-13b-chat-hf
2025-07-22 21:12:38,027 - MedicalClassifier_llama-2-13b-chat-hf_biomedical_base_direct - INFO - 是否使用LoRA: False
2025-07-22 21:12:38,027 - MedicalClassifier_llama-2-13b-chat-hf_biomedical_base_direct - INFO - ================================================================================
2025-07-22 21:12:38,027 - MedicalClassifier_llama-2-13b-chat-hf_biomedical_base_direct - INFO - 非70B模型，当前为多进程，采用数据并行（device_map=None）
2025-07-22 21:12:38,027 - MedicalClassifier_llama-2-13b-chat-hf_biomedical_base_direct - INFO - 正在加载tokenizer: /mnt/data1/FT/inspire_data_prep/models/ydyajyA/Llama-2-13b-chat-hf
2025-07-22 21:12:38,179 - MedicalClassifier_llama-2-13b-chat-hf_biomedical_base_direct - INFO - Tokenizer加载完成
2025-07-22 21:12:38,179 - MedicalClassifier_llama-2-13b-chat-hf_biomedical_base_direct - INFO - Chat template: {% if messages[0]['role'] == 'system' %}{% set loop_messages = messages[1:] %}{% set system_message = messages[0]['content'] %}{% else %}{% set loop_messages = messages %}{% set system_message = false %}{% endif %}{% for message in loop_messages %}{% if (message['role'] == 'user') != (loop.index0 % 2 == 0) %}{{ raise_exception('Conversation roles must alternate user/assistant/user/assistant/...') }}{% endif %}{% if loop.index0 == 0 and system_message != false %}{% set content = '<<SYS>>\n' + system_message + '\n<</SYS>>\n\n' + message['content'] %}{% else %}{% set content = message['content'] %}{% endif %}{% if message['role'] == 'user' %}{{ bos_token + '[INST] ' + content.strip() + ' [/INST]' }}{% elif message['role'] == 'assistant' %}{{ ' '  + content.strip() + ' ' + eos_token }}{% endif %}{% endfor %}
2025-07-22 21:12:38,180 - MedicalClassifier_llama-2-13b-chat-hf_biomedical_base_direct - INFO - 检测到Llama模型，使用chat_template
2025-07-22 21:12:38,180 - MedicalClassifier_llama-2-13b-chat-hf_biomedical_base_direct - INFO - 模板策略: chat_template
2025-07-22 21:12:38,180 - MedicalClassifier_llama-2-13b-chat-hf_biomedical_base_direct - INFO - 正在加载基础模型: /mnt/data1/FT/inspire_data_prep/models/ydyajyA/Llama-2-13b-chat-hf
2025-07-22 21:12:38,304 - MedicalClassifier_llama-2-13b-chat-hf_biomedical_base_direct - INFO - Tokenizer加载完成
2025-07-22 21:12:38,304 - MedicalClassifier_llama-2-13b-chat-hf_biomedical_base_direct - INFO - Chat template: {% if messages[0]['role'] == 'system' %}{% set loop_messages = messages[1:] %}{% set system_message = messages[0]['content'] %}{% else %}{% set loop_messages = messages %}{% set system_message = false %}{% endif %}{% for message in loop_messages %}{% if (message['role'] == 'user') != (loop.index0 % 2 == 0) %}{{ raise_exception('Conversation roles must alternate user/assistant/user/assistant/...') }}{% endif %}{% if loop.index0 == 0 and system_message != false %}{% set content = '<<SYS>>\n' + system_message + '\n<</SYS>>\n\n' + message['content'] %}{% else %}{% set content = message['content'] %}{% endif %}{% if message['role'] == 'user' %}{{ bos_token + '[INST] ' + content.strip() + ' [/INST]' }}{% elif message['role'] == 'assistant' %}{{ ' '  + content.strip() + ' ' + eos_token }}{% endif %}{% endfor %}
2025-07-22 21:12:38,304 - MedicalClassifier_llama-2-13b-chat-hf_biomedical_base_direct - INFO - 检测到Llama模型，使用chat_template
2025-07-22 21:12:38,304 - MedicalClassifier_llama-2-13b-chat-hf_biomedical_base_direct - INFO - 模板策略: chat_template
2025-07-22 21:12:38,304 - MedicalClassifier_llama-2-13b-chat-hf_biomedical_base_direct - INFO - 正在加载基础模型: /mnt/data1/FT/inspire_data_prep/models/ydyajyA/Llama-2-13b-chat-hf
2025-07-22 21:12:39,240 - MedicalClassifier_llama-2-13b-chat-hf_biomedical_base_direct - INFO - 开始运行评估实验...
2025-07-22 21:12:39,240 - MedicalClassifier_llama-2-13b-chat-hf_biomedical_base_direct - INFO - 实验配置:
2025-07-22 21:12:39,240 - MedicalClassifier_llama-2-13b-chat-hf_biomedical_base_direct - INFO -   - 基础模型: /mnt/data1/FT/inspire_data_prep/models/ydyajyA/Llama-2-13b-chat-hf
2025-07-22 21:12:39,240 - MedicalClassifier_llama-2-13b-chat-hf_biomedical_base_direct - INFO -   - 使用LoRA: False
2025-07-22 21:12:39,240 - MedicalClassifier_llama-2-13b-chat-hf_biomedical_base_direct - INFO -   - 数据集: biomedical
2025-07-22 21:12:39,240 - MedicalClassifier_llama-2-13b-chat-hf_biomedical_base_direct - INFO -   - 数据路径: /mnt/data1/TC/TextClassDemo/data/Biomedical/Biomedical_Test_Cxx.json
2025-07-22 21:12:39,241 - MedicalClassifier_llama-2-13b-chat-hf_biomedical_base_direct - INFO - ================================================================================
2025-07-22 21:12:39,241 - MedicalClassifier_llama-2-13b-chat-hf_biomedical_base_direct - INFO - 开始加载模型和tokenizer...
2025-07-22 21:12:39,241 - MedicalClassifier_llama-2-13b-chat-hf_biomedical_base_direct - INFO - 基础模型路径: /mnt/data1/FT/inspire_data_prep/models/ydyajyA/Llama-2-13b-chat-hf
2025-07-22 21:12:39,241 - MedicalClassifier_llama-2-13b-chat-hf_biomedical_base_direct - INFO - 是否使用LoRA: False
2025-07-22 21:12:39,241 - MedicalClassifier_llama-2-13b-chat-hf_biomedical_base_direct - INFO - ================================================================================
2025-07-22 21:12:39,241 - MedicalClassifier_llama-2-13b-chat-hf_biomedical_base_direct - INFO - 非70B模型，当前为多进程，采用数据并行（device_map=None）
2025-07-22 21:12:39,241 - MedicalClassifier_llama-2-13b-chat-hf_biomedical_base_direct - INFO - 正在加载tokenizer: /mnt/data1/FT/inspire_data_prep/models/ydyajyA/Llama-2-13b-chat-hf
2025-07-22 21:12:39,612 - MedicalClassifier_llama-2-13b-chat-hf_biomedical_base_direct - INFO - Tokenizer加载完成
2025-07-22 21:12:39,612 - MedicalClassifier_llama-2-13b-chat-hf_biomedical_base_direct - INFO - Chat template: {% if messages[0]['role'] == 'system' %}{% set loop_messages = messages[1:] %}{% set system_message = messages[0]['content'] %}{% else %}{% set loop_messages = messages %}{% set system_message = false %}{% endif %}{% for message in loop_messages %}{% if (message['role'] == 'user') != (loop.index0 % 2 == 0) %}{{ raise_exception('Conversation roles must alternate user/assistant/user/assistant/...') }}{% endif %}{% if loop.index0 == 0 and system_message != false %}{% set content = '<<SYS>>\n' + system_message + '\n<</SYS>>\n\n' + message['content'] %}{% else %}{% set content = message['content'] %}{% endif %}{% if message['role'] == 'user' %}{{ bos_token + '[INST] ' + content.strip() + ' [/INST]' }}{% elif message['role'] == 'assistant' %}{{ ' '  + content.strip() + ' ' + eos_token }}{% endif %}{% endfor %}
2025-07-22 21:12:39,612 - MedicalClassifier_llama-2-13b-chat-hf_biomedical_base_direct - INFO - 检测到Llama模型，使用chat_template
2025-07-22 21:12:39,612 - MedicalClassifier_llama-2-13b-chat-hf_biomedical_base_direct - INFO - 模板策略: chat_template
2025-07-22 21:12:39,612 - MedicalClassifier_llama-2-13b-chat-hf_biomedical_base_direct - INFO - 正在加载基础模型: /mnt/data1/FT/inspire_data_prep/models/ydyajyA/Llama-2-13b-chat-hf
2025-07-22 21:12:39,949 - MedicalClassifier_llama-2-13b-chat-hf_biomedical_base_direct - INFO - 开始运行评估实验...
2025-07-22 21:12:39,950 - MedicalClassifier_llama-2-13b-chat-hf_biomedical_base_direct - INFO - 实验配置:
2025-07-22 21:12:39,950 - MedicalClassifier_llama-2-13b-chat-hf_biomedical_base_direct - INFO -   - 基础模型: /mnt/data1/FT/inspire_data_prep/models/ydyajyA/Llama-2-13b-chat-hf
2025-07-22 21:12:39,950 - MedicalClassifier_llama-2-13b-chat-hf_biomedical_base_direct - INFO -   - 使用LoRA: False
2025-07-22 21:12:39,950 - MedicalClassifier_llama-2-13b-chat-hf_biomedical_base_direct - INFO -   - 数据集: biomedical
2025-07-22 21:12:39,950 - MedicalClassifier_llama-2-13b-chat-hf_biomedical_base_direct - INFO -   - 数据路径: /mnt/data1/TC/TextClassDemo/data/Biomedical/Biomedical_Test_Cxx.json
2025-07-22 21:12:39,950 - MedicalClassifier_llama-2-13b-chat-hf_biomedical_base_direct - INFO - ================================================================================
2025-07-22 21:12:39,950 - MedicalClassifier_llama-2-13b-chat-hf_biomedical_base_direct - INFO - 开始加载模型和tokenizer...
2025-07-22 21:12:39,950 - MedicalClassifier_llama-2-13b-chat-hf_biomedical_base_direct - INFO - 基础模型路径: /mnt/data1/FT/inspire_data_prep/models/ydyajyA/Llama-2-13b-chat-hf
2025-07-22 21:12:39,950 - MedicalClassifier_llama-2-13b-chat-hf_biomedical_base_direct - INFO - 是否使用LoRA: False
2025-07-22 21:12:39,950 - MedicalClassifier_llama-2-13b-chat-hf_biomedical_base_direct - INFO - ================================================================================
2025-07-22 21:12:39,950 - MedicalClassifier_llama-2-13b-chat-hf_biomedical_base_direct - INFO - 非70B模型，当前为多进程，采用数据并行（device_map=None）
2025-07-22 21:12:39,950 - MedicalClassifier_llama-2-13b-chat-hf_biomedical_base_direct - INFO - 正在加载tokenizer: /mnt/data1/FT/inspire_data_prep/models/ydyajyA/Llama-2-13b-chat-hf
2025-07-22 21:12:40,107 - MedicalClassifier_llama-2-13b-chat-hf_biomedical_base_direct - INFO - 开始运行评估实验...
2025-07-22 21:12:40,107 - MedicalClassifier_llama-2-13b-chat-hf_biomedical_base_direct - INFO - 实验配置:
2025-07-22 21:12:40,107 - MedicalClassifier_llama-2-13b-chat-hf_biomedical_base_direct - INFO -   - 基础模型: /mnt/data1/FT/inspire_data_prep/models/ydyajyA/Llama-2-13b-chat-hf
2025-07-22 21:12:40,107 - MedicalClassifier_llama-2-13b-chat-hf_biomedical_base_direct - INFO -   - 使用LoRA: False
2025-07-22 21:12:40,107 - MedicalClassifier_llama-2-13b-chat-hf_biomedical_base_direct - INFO -   - 数据集: biomedical
2025-07-22 21:12:40,107 - MedicalClassifier_llama-2-13b-chat-hf_biomedical_base_direct - INFO -   - 数据路径: /mnt/data1/TC/TextClassDemo/data/Biomedical/Biomedical_Test_Cxx.json
2025-07-22 21:12:40,107 - MedicalClassifier_llama-2-13b-chat-hf_biomedical_base_direct - INFO - ================================================================================
2025-07-22 21:12:40,107 - MedicalClassifier_llama-2-13b-chat-hf_biomedical_base_direct - INFO - 开始加载模型和tokenizer...
2025-07-22 21:12:40,107 - MedicalClassifier_llama-2-13b-chat-hf_biomedical_base_direct - INFO - 基础模型路径: /mnt/data1/FT/inspire_data_prep/models/ydyajyA/Llama-2-13b-chat-hf
2025-07-22 21:12:40,107 - MedicalClassifier_llama-2-13b-chat-hf_biomedical_base_direct - INFO - 是否使用LoRA: False
2025-07-22 21:12:40,107 - MedicalClassifier_llama-2-13b-chat-hf_biomedical_base_direct - INFO - ================================================================================
2025-07-22 21:12:40,107 - MedicalClassifier_llama-2-13b-chat-hf_biomedical_base_direct - INFO - 非70B模型，当前为多进程，采用数据并行（device_map=None）
2025-07-22 21:12:40,107 - MedicalClassifier_llama-2-13b-chat-hf_biomedical_base_direct - INFO - 正在加载tokenizer: /mnt/data1/FT/inspire_data_prep/models/ydyajyA/Llama-2-13b-chat-hf
2025-07-22 21:12:40,424 - MedicalClassifier_llama-2-13b-chat-hf_biomedical_base_direct - INFO - Tokenizer加载完成
2025-07-22 21:12:40,424 - MedicalClassifier_llama-2-13b-chat-hf_biomedical_base_direct - INFO - Chat template: {% if messages[0]['role'] == 'system' %}{% set loop_messages = messages[1:] %}{% set system_message = messages[0]['content'] %}{% else %}{% set loop_messages = messages %}{% set system_message = false %}{% endif %}{% for message in loop_messages %}{% if (message['role'] == 'user') != (loop.index0 % 2 == 0) %}{{ raise_exception('Conversation roles must alternate user/assistant/user/assistant/...') }}{% endif %}{% if loop.index0 == 0 and system_message != false %}{% set content = '<<SYS>>\n' + system_message + '\n<</SYS>>\n\n' + message['content'] %}{% else %}{% set content = message['content'] %}{% endif %}{% if message['role'] == 'user' %}{{ bos_token + '[INST] ' + content.strip() + ' [/INST]' }}{% elif message['role'] == 'assistant' %}{{ ' '  + content.strip() + ' ' + eos_token }}{% endif %}{% endfor %}
2025-07-22 21:12:40,424 - MedicalClassifier_llama-2-13b-chat-hf_biomedical_base_direct - INFO - 检测到Llama模型，使用chat_template
2025-07-22 21:12:40,424 - MedicalClassifier_llama-2-13b-chat-hf_biomedical_base_direct - INFO - 模板策略: chat_template
2025-07-22 21:12:40,424 - MedicalClassifier_llama-2-13b-chat-hf_biomedical_base_direct - INFO - 正在加载基础模型: /mnt/data1/FT/inspire_data_prep/models/ydyajyA/Llama-2-13b-chat-hf
2025-07-22 21:12:40,587 - MedicalClassifier_llama-2-13b-chat-hf_biomedical_base_direct - INFO - Tokenizer加载完成
2025-07-22 21:12:40,587 - MedicalClassifier_llama-2-13b-chat-hf_biomedical_base_direct - INFO - Chat template: {% if messages[0]['role'] == 'system' %}{% set loop_messages = messages[1:] %}{% set system_message = messages[0]['content'] %}{% else %}{% set loop_messages = messages %}{% set system_message = false %}{% endif %}{% for message in loop_messages %}{% if (message['role'] == 'user') != (loop.index0 % 2 == 0) %}{{ raise_exception('Conversation roles must alternate user/assistant/user/assistant/...') }}{% endif %}{% if loop.index0 == 0 and system_message != false %}{% set content = '<<SYS>>\n' + system_message + '\n<</SYS>>\n\n' + message['content'] %}{% else %}{% set content = message['content'] %}{% endif %}{% if message['role'] == 'user' %}{{ bos_token + '[INST] ' + content.strip() + ' [/INST]' }}{% elif message['role'] == 'assistant' %}{{ ' '  + content.strip() + ' ' + eos_token }}{% endif %}{% endfor %}
2025-07-22 21:12:40,587 - MedicalClassifier_llama-2-13b-chat-hf_biomedical_base_direct - INFO - 检测到Llama模型，使用chat_template
2025-07-22 21:12:40,587 - MedicalClassifier_llama-2-13b-chat-hf_biomedical_base_direct - INFO - 模板策略: chat_template
2025-07-22 21:12:40,587 - MedicalClassifier_llama-2-13b-chat-hf_biomedical_base_direct - INFO - 正在加载基础模型: /mnt/data1/FT/inspire_data_prep/models/ydyajyA/Llama-2-13b-chat-hf
2025-07-22 21:12:45,502 - MedicalClassifier_llama-2-13b-chat-hf_biomedical_base_direct - INFO - 开始运行评估实验...
2025-07-22 21:12:45,502 - MedicalClassifier_llama-2-13b-chat-hf_biomedical_base_direct - INFO - 实验配置:
2025-07-22 21:12:45,503 - MedicalClassifier_llama-2-13b-chat-hf_biomedical_base_direct - INFO -   - 基础模型: /mnt/data1/FT/inspire_data_prep/models/ydyajyA/Llama-2-13b-chat-hf
2025-07-22 21:12:45,503 - MedicalClassifier_llama-2-13b-chat-hf_biomedical_base_direct - INFO -   - 使用LoRA: False
2025-07-22 21:12:45,503 - MedicalClassifier_llama-2-13b-chat-hf_biomedical_base_direct - INFO -   - 数据集: biomedical
2025-07-22 21:12:45,503 - MedicalClassifier_llama-2-13b-chat-hf_biomedical_base_direct - INFO -   - 数据路径: /mnt/data1/TC/TextClassDemo/data/Biomedical/Biomedical_Test_Cxx.json
2025-07-22 21:12:45,503 - MedicalClassifier_llama-2-13b-chat-hf_biomedical_base_direct - INFO - ================================================================================
2025-07-22 21:12:45,503 - MedicalClassifier_llama-2-13b-chat-hf_biomedical_base_direct - INFO - 开始加载模型和tokenizer...
2025-07-22 21:12:45,503 - MedicalClassifier_llama-2-13b-chat-hf_biomedical_base_direct - INFO - 基础模型路径: /mnt/data1/FT/inspire_data_prep/models/ydyajyA/Llama-2-13b-chat-hf
2025-07-22 21:12:45,503 - MedicalClassifier_llama-2-13b-chat-hf_biomedical_base_direct - INFO - 是否使用LoRA: False
2025-07-22 21:12:45,503 - MedicalClassifier_llama-2-13b-chat-hf_biomedical_base_direct - INFO - ================================================================================
2025-07-22 21:12:45,503 - MedicalClassifier_llama-2-13b-chat-hf_biomedical_base_direct - INFO - 非70B模型，当前为多进程，采用数据并行（device_map=None）
2025-07-22 21:12:45,503 - MedicalClassifier_llama-2-13b-chat-hf_biomedical_base_direct - INFO - 正在加载tokenizer: /mnt/data1/FT/inspire_data_prep/models/ydyajyA/Llama-2-13b-chat-hf
2025-07-22 21:12:45,666 - MedicalClassifier_llama-2-13b-chat-hf_biomedical_base_direct - INFO - 开始运行评估实验...
2025-07-22 21:12:45,667 - MedicalClassifier_llama-2-13b-chat-hf_biomedical_base_direct - INFO - 实验配置:
2025-07-22 21:12:45,667 - MedicalClassifier_llama-2-13b-chat-hf_biomedical_base_direct - INFO -   - 基础模型: /mnt/data1/FT/inspire_data_prep/models/ydyajyA/Llama-2-13b-chat-hf
2025-07-22 21:12:45,667 - MedicalClassifier_llama-2-13b-chat-hf_biomedical_base_direct - INFO -   - 使用LoRA: False
2025-07-22 21:12:45,667 - MedicalClassifier_llama-2-13b-chat-hf_biomedical_base_direct - INFO -   - 数据集: biomedical
2025-07-22 21:12:45,667 - MedicalClassifier_llama-2-13b-chat-hf_biomedical_base_direct - INFO -   - 数据路径: /mnt/data1/TC/TextClassDemo/data/Biomedical/Biomedical_Test_Cxx.json
2025-07-22 21:12:45,667 - MedicalClassifier_llama-2-13b-chat-hf_biomedical_base_direct - INFO - ================================================================================
2025-07-22 21:12:45,667 - MedicalClassifier_llama-2-13b-chat-hf_biomedical_base_direct - INFO - 开始加载模型和tokenizer...
2025-07-22 21:12:45,667 - MedicalClassifier_llama-2-13b-chat-hf_biomedical_base_direct - INFO - 基础模型路径: /mnt/data1/FT/inspire_data_prep/models/ydyajyA/Llama-2-13b-chat-hf
2025-07-22 21:12:45,667 - MedicalClassifier_llama-2-13b-chat-hf_biomedical_base_direct - INFO - 是否使用LoRA: False
2025-07-22 21:12:45,667 - MedicalClassifier_llama-2-13b-chat-hf_biomedical_base_direct - INFO - ================================================================================
2025-07-22 21:12:45,667 - MedicalClassifier_llama-2-13b-chat-hf_biomedical_base_direct - INFO - 非70B模型，当前为多进程，采用数据并行（device_map=None）
2025-07-22 21:12:45,667 - MedicalClassifier_llama-2-13b-chat-hf_biomedical_base_direct - INFO - 正在加载tokenizer: /mnt/data1/FT/inspire_data_prep/models/ydyajyA/Llama-2-13b-chat-hf
2025-07-22 21:12:45,676 - MedicalClassifier_llama-2-13b-chat-hf_biomedical_base_direct - INFO - 开始运行评估实验...
2025-07-22 21:12:45,676 - MedicalClassifier_llama-2-13b-chat-hf_biomedical_base_direct - INFO - 实验配置:
2025-07-22 21:12:45,676 - MedicalClassifier_llama-2-13b-chat-hf_biomedical_base_direct - INFO -   - 基础模型: /mnt/data1/FT/inspire_data_prep/models/ydyajyA/Llama-2-13b-chat-hf
2025-07-22 21:12:45,676 - MedicalClassifier_llama-2-13b-chat-hf_biomedical_base_direct - INFO -   - 使用LoRA: False
2025-07-22 21:12:45,676 - MedicalClassifier_llama-2-13b-chat-hf_biomedical_base_direct - INFO -   - 数据集: biomedical
2025-07-22 21:12:45,676 - MedicalClassifier_llama-2-13b-chat-hf_biomedical_base_direct - INFO -   - 数据路径: /mnt/data1/TC/TextClassDemo/data/Biomedical/Biomedical_Test_Cxx.json
2025-07-22 21:12:45,676 - MedicalClassifier_llama-2-13b-chat-hf_biomedical_base_direct - INFO - ================================================================================
2025-07-22 21:12:45,677 - MedicalClassifier_llama-2-13b-chat-hf_biomedical_base_direct - INFO - 开始加载模型和tokenizer...
2025-07-22 21:12:45,677 - MedicalClassifier_llama-2-13b-chat-hf_biomedical_base_direct - INFO - 基础模型路径: /mnt/data1/FT/inspire_data_prep/models/ydyajyA/Llama-2-13b-chat-hf
2025-07-22 21:12:45,677 - MedicalClassifier_llama-2-13b-chat-hf_biomedical_base_direct - INFO - 是否使用LoRA: False
2025-07-22 21:12:45,677 - MedicalClassifier_llama-2-13b-chat-hf_biomedical_base_direct - INFO - ================================================================================
2025-07-22 21:12:45,677 - MedicalClassifier_llama-2-13b-chat-hf_biomedical_base_direct - INFO - 非70B模型，当前为多进程，采用数据并行（device_map=None）
2025-07-22 21:12:45,677 - MedicalClassifier_llama-2-13b-chat-hf_biomedical_base_direct - INFO - 正在加载tokenizer: /mnt/data1/FT/inspire_data_prep/models/ydyajyA/Llama-2-13b-chat-hf
2025-07-22 21:12:45,680 - MedicalClassifier_llama-2-13b-chat-hf_biomedical_base_direct - INFO - 基础模型加载完成
2025-07-22 21:12:45,680 - MedicalClassifier_llama-2-13b-chat-hf_biomedical_base_direct - INFO - 使用基础模型，不加载LoRA适配器
2025-07-22 21:12:45,682 - MedicalClassifier_llama-2-13b-chat-hf_biomedical_base_direct - INFO - ================================================================================
2025-07-22 21:12:45,682 - MedicalClassifier_llama-2-13b-chat-hf_biomedical_base_direct - INFO - 模型加载完成！
2025-07-22 21:12:45,682 - MedicalClassifier_llama-2-13b-chat-hf_biomedical_base_direct - INFO - 最终使用的模型: 基础模型
2025-07-22 21:12:45,682 - MedicalClassifier_llama-2-13b-chat-hf_biomedical_base_direct - INFO - 模型路径: /mnt/data1/FT/inspire_data_prep/models/ydyajyA/Llama-2-13b-chat-hf
2025-07-22 21:12:45,682 - MedicalClassifier_llama-2-13b-chat-hf_biomedical_base_direct - INFO - 模板策略: chat_template
2025-07-22 21:12:45,682 - MedicalClassifier_llama-2-13b-chat-hf_biomedical_base_direct - INFO - ================================================================================
2025-07-22 21:12:45,682 - MedicalClassifier_llama-2-13b-chat-hf_biomedical_base_direct - INFO - 加载数据集: /mnt/data1/TC/TextClassDemo/data/Biomedical/Biomedical_Test_Cxx.json
2025-07-22 21:12:45,721 - MedicalClassifier_llama-2-13b-chat-hf_biomedical_base_direct - INFO - 使用单一推理模式
2025-07-22 21:12:45,721 - MedicalClassifier_llama-2-13b-chat-hf_biomedical_base_direct - INFO - 开始批量推理...
2025-07-22 21:12:46,022 - MedicalClassifier_llama-2-13b-chat-hf_biomedical_base_direct - INFO - Tokenizer加载完成
2025-07-22 21:12:46,022 - MedicalClassifier_llama-2-13b-chat-hf_biomedical_base_direct - INFO - Chat template: {% if messages[0]['role'] == 'system' %}{% set loop_messages = messages[1:] %}{% set system_message = messages[0]['content'] %}{% else %}{% set loop_messages = messages %}{% set system_message = false %}{% endif %}{% for message in loop_messages %}{% if (message['role'] == 'user') != (loop.index0 % 2 == 0) %}{{ raise_exception('Conversation roles must alternate user/assistant/user/assistant/...') }}{% endif %}{% if loop.index0 == 0 and system_message != false %}{% set content = '<<SYS>>\n' + system_message + '\n<</SYS>>\n\n' + message['content'] %}{% else %}{% set content = message['content'] %}{% endif %}{% if message['role'] == 'user' %}{{ bos_token + '[INST] ' + content.strip() + ' [/INST]' }}{% elif message['role'] == 'assistant' %}{{ ' '  + content.strip() + ' ' + eos_token }}{% endif %}{% endfor %}
2025-07-22 21:12:46,022 - MedicalClassifier_llama-2-13b-chat-hf_biomedical_base_direct - INFO - 检测到Llama模型，使用chat_template
2025-07-22 21:12:46,022 - MedicalClassifier_llama-2-13b-chat-hf_biomedical_base_direct - INFO - 模板策略: chat_template
2025-07-22 21:12:46,022 - MedicalClassifier_llama-2-13b-chat-hf_biomedical_base_direct - INFO - 正在加载基础模型: /mnt/data1/FT/inspire_data_prep/models/ydyajyA/Llama-2-13b-chat-hf
2025-07-22 21:12:46,186 - MedicalClassifier_llama-2-13b-chat-hf_biomedical_base_direct - INFO - Tokenizer加载完成
2025-07-22 21:12:46,186 - MedicalClassifier_llama-2-13b-chat-hf_biomedical_base_direct - INFO - Chat template: {% if messages[0]['role'] == 'system' %}{% set loop_messages = messages[1:] %}{% set system_message = messages[0]['content'] %}{% else %}{% set loop_messages = messages %}{% set system_message = false %}{% endif %}{% for message in loop_messages %}{% if (message['role'] == 'user') != (loop.index0 % 2 == 0) %}{{ raise_exception('Conversation roles must alternate user/assistant/user/assistant/...') }}{% endif %}{% if loop.index0 == 0 and system_message != false %}{% set content = '<<SYS>>\n' + system_message + '\n<</SYS>>\n\n' + message['content'] %}{% else %}{% set content = message['content'] %}{% endif %}{% if message['role'] == 'user' %}{{ bos_token + '[INST] ' + content.strip() + ' [/INST]' }}{% elif message['role'] == 'assistant' %}{{ ' '  + content.strip() + ' ' + eos_token }}{% endif %}{% endfor %}
2025-07-22 21:12:46,186 - MedicalClassifier_llama-2-13b-chat-hf_biomedical_base_direct - INFO - 检测到Llama模型，使用chat_template
2025-07-22 21:12:46,186 - MedicalClassifier_llama-2-13b-chat-hf_biomedical_base_direct - INFO - 模板策略: chat_template
2025-07-22 21:12:46,186 - MedicalClassifier_llama-2-13b-chat-hf_biomedical_base_direct - INFO - 正在加载基础模型: /mnt/data1/FT/inspire_data_prep/models/ydyajyA/Llama-2-13b-chat-hf
2025-07-22 21:12:46,191 - MedicalClassifier_llama-2-13b-chat-hf_biomedical_base_direct - INFO - Tokenizer加载完成
2025-07-22 21:12:46,191 - MedicalClassifier_llama-2-13b-chat-hf_biomedical_base_direct - INFO - Chat template: {% if messages[0]['role'] == 'system' %}{% set loop_messages = messages[1:] %}{% set system_message = messages[0]['content'] %}{% else %}{% set loop_messages = messages %}{% set system_message = false %}{% endif %}{% for message in loop_messages %}{% if (message['role'] == 'user') != (loop.index0 % 2 == 0) %}{{ raise_exception('Conversation roles must alternate user/assistant/user/assistant/...') }}{% endif %}{% if loop.index0 == 0 and system_message != false %}{% set content = '<<SYS>>\n' + system_message + '\n<</SYS>>\n\n' + message['content'] %}{% else %}{% set content = message['content'] %}{% endif %}{% if message['role'] == 'user' %}{{ bos_token + '[INST] ' + content.strip() + ' [/INST]' }}{% elif message['role'] == 'assistant' %}{{ ' '  + content.strip() + ' ' + eos_token }}{% endif %}{% endfor %}
2025-07-22 21:12:46,191 - MedicalClassifier_llama-2-13b-chat-hf_biomedical_base_direct - INFO - 检测到Llama模型，使用chat_template
2025-07-22 21:12:46,191 - MedicalClassifier_llama-2-13b-chat-hf_biomedical_base_direct - INFO - 模板策略: chat_template
2025-07-22 21:12:46,191 - MedicalClassifier_llama-2-13b-chat-hf_biomedical_base_direct - INFO - 正在加载基础模型: /mnt/data1/FT/inspire_data_prep/models/ydyajyA/Llama-2-13b-chat-hf
2025-07-22 21:12:47,656 - MedicalClassifier_llama-2-13b-chat-hf_biomedical_base_direct - INFO - 基础模型加载完成
2025-07-22 21:12:47,656 - MedicalClassifier_llama-2-13b-chat-hf_biomedical_base_direct - INFO - 使用基础模型，不加载LoRA适配器
2025-07-22 21:12:47,659 - MedicalClassifier_llama-2-13b-chat-hf_biomedical_base_direct - INFO - ================================================================================
2025-07-22 21:12:47,659 - MedicalClassifier_llama-2-13b-chat-hf_biomedical_base_direct - INFO - 模型加载完成！
2025-07-22 21:12:47,659 - MedicalClassifier_llama-2-13b-chat-hf_biomedical_base_direct - INFO - 最终使用的模型: 基础模型
2025-07-22 21:12:47,659 - MedicalClassifier_llama-2-13b-chat-hf_biomedical_base_direct - INFO - 模型路径: /mnt/data1/FT/inspire_data_prep/models/ydyajyA/Llama-2-13b-chat-hf
2025-07-22 21:12:47,659 - MedicalClassifier_llama-2-13b-chat-hf_biomedical_base_direct - INFO - 模板策略: chat_template
2025-07-22 21:12:47,659 - MedicalClassifier_llama-2-13b-chat-hf_biomedical_base_direct - INFO - ================================================================================
2025-07-22 21:12:47,659 - MedicalClassifier_llama-2-13b-chat-hf_biomedical_base_direct - INFO - 加载数据集: /mnt/data1/TC/TextClassDemo/data/Biomedical/Biomedical_Test_Cxx.json
2025-07-22 21:12:47,704 - MedicalClassifier_llama-2-13b-chat-hf_biomedical_base_direct - INFO - 使用单一推理模式
2025-07-22 21:12:47,704 - MedicalClassifier_llama-2-13b-chat-hf_biomedical_base_direct - INFO - 开始批量推理...
2025-07-22 21:12:48,903 - MedicalClassifier_llama-2-13b-chat-hf_biomedical_base_direct - INFO - 基础模型加载完成
2025-07-22 21:12:48,903 - MedicalClassifier_llama-2-13b-chat-hf_biomedical_base_direct - INFO - 使用基础模型，不加载LoRA适配器
2025-07-22 21:12:48,906 - MedicalClassifier_llama-2-13b-chat-hf_biomedical_base_direct - INFO - ================================================================================
2025-07-22 21:12:48,907 - MedicalClassifier_llama-2-13b-chat-hf_biomedical_base_direct - INFO - 模型加载完成！
2025-07-22 21:12:48,907 - MedicalClassifier_llama-2-13b-chat-hf_biomedical_base_direct - INFO - 最终使用的模型: 基础模型
2025-07-22 21:12:48,907 - MedicalClassifier_llama-2-13b-chat-hf_biomedical_base_direct - INFO - 模型路径: /mnt/data1/FT/inspire_data_prep/models/ydyajyA/Llama-2-13b-chat-hf
2025-07-22 21:12:48,907 - MedicalClassifier_llama-2-13b-chat-hf_biomedical_base_direct - INFO - 模板策略: chat_template
2025-07-22 21:12:48,907 - MedicalClassifier_llama-2-13b-chat-hf_biomedical_base_direct - INFO - ================================================================================
2025-07-22 21:12:48,907 - MedicalClassifier_llama-2-13b-chat-hf_biomedical_base_direct - INFO - 加载数据集: /mnt/data1/TC/TextClassDemo/data/Biomedical/Biomedical_Test_Cxx.json
2025-07-22 21:12:48,970 - MedicalClassifier_llama-2-13b-chat-hf_biomedical_base_direct - INFO - 使用单一推理模式
2025-07-22 21:12:48,971 - MedicalClassifier_llama-2-13b-chat-hf_biomedical_base_direct - INFO - 开始批量推理...
2025-07-22 21:12:50,018 - MedicalClassifier_llama-2-13b-chat-hf_biomedical_base_direct - INFO - 基础模型加载完成
2025-07-22 21:12:50,018 - MedicalClassifier_llama-2-13b-chat-hf_biomedical_base_direct - INFO - 使用基础模型，不加载LoRA适配器
2025-07-22 21:12:50,021 - MedicalClassifier_llama-2-13b-chat-hf_biomedical_base_direct - INFO - ================================================================================
2025-07-22 21:12:50,021 - MedicalClassifier_llama-2-13b-chat-hf_biomedical_base_direct - INFO - 模型加载完成！
2025-07-22 21:12:50,021 - MedicalClassifier_llama-2-13b-chat-hf_biomedical_base_direct - INFO - 最终使用的模型: 基础模型
2025-07-22 21:12:50,021 - MedicalClassifier_llama-2-13b-chat-hf_biomedical_base_direct - INFO - 模型路径: /mnt/data1/FT/inspire_data_prep/models/ydyajyA/Llama-2-13b-chat-hf
2025-07-22 21:12:50,021 - MedicalClassifier_llama-2-13b-chat-hf_biomedical_base_direct - INFO - 模板策略: chat_template
2025-07-22 21:12:50,021 - MedicalClassifier_llama-2-13b-chat-hf_biomedical_base_direct - INFO - ================================================================================
2025-07-22 21:12:50,021 - MedicalClassifier_llama-2-13b-chat-hf_biomedical_base_direct - INFO - 加载数据集: /mnt/data1/TC/TextClassDemo/data/Biomedical/Biomedical_Test_Cxx.json
2025-07-22 21:12:50,069 - MedicalClassifier_llama-2-13b-chat-hf_biomedical_base_direct - INFO - 使用单一推理模式
2025-07-22 21:12:50,070 - MedicalClassifier_llama-2-13b-chat-hf_biomedical_base_direct - INFO - 开始批量推理...
2025-07-22 21:12:51,511 - MedicalClassifier_llama-2-13b-chat-hf_biomedical_base_direct - INFO - 基础模型加载完成
2025-07-22 21:12:51,511 - MedicalClassifier_llama-2-13b-chat-hf_biomedical_base_direct - INFO - 使用基础模型，不加载LoRA适配器
2025-07-22 21:12:51,513 - MedicalClassifier_llama-2-13b-chat-hf_biomedical_base_direct - INFO - ================================================================================
2025-07-22 21:12:51,513 - MedicalClassifier_llama-2-13b-chat-hf_biomedical_base_direct - INFO - 模型加载完成！
2025-07-22 21:12:51,514 - MedicalClassifier_llama-2-13b-chat-hf_biomedical_base_direct - INFO - 最终使用的模型: 基础模型
2025-07-22 21:12:51,514 - MedicalClassifier_llama-2-13b-chat-hf_biomedical_base_direct - INFO - 模型路径: /mnt/data1/FT/inspire_data_prep/models/ydyajyA/Llama-2-13b-chat-hf
2025-07-22 21:12:51,514 - MedicalClassifier_llama-2-13b-chat-hf_biomedical_base_direct - INFO - 模板策略: chat_template
2025-07-22 21:12:51,514 - MedicalClassifier_llama-2-13b-chat-hf_biomedical_base_direct - INFO - ================================================================================
2025-07-22 21:12:51,514 - MedicalClassifier_llama-2-13b-chat-hf_biomedical_base_direct - INFO - 加载数据集: /mnt/data1/TC/TextClassDemo/data/Biomedical/Biomedical_Test_Cxx.json
2025-07-22 21:12:51,560 - MedicalClassifier_llama-2-13b-chat-hf_biomedical_base_direct - INFO - 使用单一推理模式
2025-07-22 21:12:51,560 - MedicalClassifier_llama-2-13b-chat-hf_biomedical_base_direct - INFO - 开始批量推理...
2025-07-22 21:12:54,049 - MedicalClassifier_llama-2-13b-chat-hf_biomedical_base_direct - INFO - 基础模型加载完成
2025-07-22 21:12:54,050 - MedicalClassifier_llama-2-13b-chat-hf_biomedical_base_direct - INFO - 使用基础模型，不加载LoRA适配器
2025-07-22 21:12:54,052 - MedicalClassifier_llama-2-13b-chat-hf_biomedical_base_direct - INFO - ================================================================================
2025-07-22 21:12:54,052 - MedicalClassifier_llama-2-13b-chat-hf_biomedical_base_direct - INFO - 模型加载完成！
2025-07-22 21:12:54,053 - MedicalClassifier_llama-2-13b-chat-hf_biomedical_base_direct - INFO - 最终使用的模型: 基础模型
2025-07-22 21:12:54,053 - MedicalClassifier_llama-2-13b-chat-hf_biomedical_base_direct - INFO - 模型路径: /mnt/data1/FT/inspire_data_prep/models/ydyajyA/Llama-2-13b-chat-hf
2025-07-22 21:12:54,053 - MedicalClassifier_llama-2-13b-chat-hf_biomedical_base_direct - INFO - 模板策略: chat_template
2025-07-22 21:12:54,053 - MedicalClassifier_llama-2-13b-chat-hf_biomedical_base_direct - INFO - ================================================================================
2025-07-22 21:12:54,053 - MedicalClassifier_llama-2-13b-chat-hf_biomedical_base_direct - INFO - 加载数据集: /mnt/data1/TC/TextClassDemo/data/Biomedical/Biomedical_Test_Cxx.json
2025-07-22 21:12:54,100 - MedicalClassifier_llama-2-13b-chat-hf_biomedical_base_direct - INFO - 使用单一推理模式
2025-07-22 21:12:54,100 - MedicalClassifier_llama-2-13b-chat-hf_biomedical_base_direct - INFO - 开始批量推理...
2025-07-22 21:12:54,439 - MedicalClassifier_llama-2-13b-chat-hf_biomedical_base_direct - INFO - 基础模型加载完成
2025-07-22 21:12:54,439 - MedicalClassifier_llama-2-13b-chat-hf_biomedical_base_direct - INFO - 使用基础模型，不加载LoRA适配器
2025-07-22 21:12:54,442 - MedicalClassifier_llama-2-13b-chat-hf_biomedical_base_direct - INFO - ================================================================================
2025-07-22 21:12:54,442 - MedicalClassifier_llama-2-13b-chat-hf_biomedical_base_direct - INFO - 模型加载完成！
2025-07-22 21:12:54,442 - MedicalClassifier_llama-2-13b-chat-hf_biomedical_base_direct - INFO - 最终使用的模型: 基础模型
2025-07-22 21:12:54,442 - MedicalClassifier_llama-2-13b-chat-hf_biomedical_base_direct - INFO - 模型路径: /mnt/data1/FT/inspire_data_prep/models/ydyajyA/Llama-2-13b-chat-hf
2025-07-22 21:12:54,442 - MedicalClassifier_llama-2-13b-chat-hf_biomedical_base_direct - INFO - 模板策略: chat_template
2025-07-22 21:12:54,442 - MedicalClassifier_llama-2-13b-chat-hf_biomedical_base_direct - INFO - ================================================================================
2025-07-22 21:12:54,442 - MedicalClassifier_llama-2-13b-chat-hf_biomedical_base_direct - INFO - 加载数据集: /mnt/data1/TC/TextClassDemo/data/Biomedical/Biomedical_Test_Cxx.json
2025-07-22 21:12:54,488 - MedicalClassifier_llama-2-13b-chat-hf_biomedical_base_direct - INFO - 使用单一推理模式
2025-07-22 21:12:54,488 - MedicalClassifier_llama-2-13b-chat-hf_biomedical_base_direct - INFO - 开始批量推理...
2025-07-22 21:12:55,531 - MedicalClassifier_llama-2-13b-chat-hf_biomedical_base_direct - INFO - 基础模型加载完成
2025-07-22 21:12:55,532 - MedicalClassifier_llama-2-13b-chat-hf_biomedical_base_direct - INFO - 使用基础模型，不加载LoRA适配器
2025-07-22 21:12:55,534 - MedicalClassifier_llama-2-13b-chat-hf_biomedical_base_direct - INFO - ================================================================================
2025-07-22 21:12:55,534 - MedicalClassifier_llama-2-13b-chat-hf_biomedical_base_direct - INFO - 模型加载完成！
2025-07-22 21:12:55,534 - MedicalClassifier_llama-2-13b-chat-hf_biomedical_base_direct - INFO - 最终使用的模型: 基础模型
2025-07-22 21:12:55,534 - MedicalClassifier_llama-2-13b-chat-hf_biomedical_base_direct - INFO - 模型路径: /mnt/data1/FT/inspire_data_prep/models/ydyajyA/Llama-2-13b-chat-hf
2025-07-22 21:12:55,534 - MedicalClassifier_llama-2-13b-chat-hf_biomedical_base_direct - INFO - 模板策略: chat_template
2025-07-22 21:12:55,534 - MedicalClassifier_llama-2-13b-chat-hf_biomedical_base_direct - INFO - ================================================================================
2025-07-22 21:12:55,534 - MedicalClassifier_llama-2-13b-chat-hf_biomedical_base_direct - INFO - 加载数据集: /mnt/data1/TC/TextClassDemo/data/Biomedical/Biomedical_Test_Cxx.json
2025-07-22 21:12:55,574 - MedicalClassifier_llama-2-13b-chat-hf_biomedical_base_direct - INFO - 使用单一推理模式
2025-07-22 21:12:55,574 - MedicalClassifier_llama-2-13b-chat-hf_biomedical_base_direct - INFO - 开始批量推理...
2025-07-22 21:23:40,181 - MedicalClassifier_llama-2-13b-chat-hf_biomedical_base_direct - INFO - 计算评估指标...
2025-07-22 21:23:40,217 - MedicalClassifier_llama-2-13b-chat-hf_biomedical_base_direct - INFO - 绘制混淆矩阵...
2025-07-22 21:23:41,285 - MedicalClassifier_llama-2-13b-chat-hf_biomedical_base_direct - INFO - 分析错误样本...
2025-07-22 21:23:41,449 - MedicalClassifier_llama-2-13b-chat-hf_biomedical_base_direct - INFO - 
评估结果：
2025-07-22 21:23:41,449 - MedicalClassifier_llama-2-13b-chat-hf_biomedical_base_direct - INFO - 模型类型: Base Model
2025-07-22 21:23:41,449 - MedicalClassifier_llama-2-13b-chat-hf_biomedical_base_direct - INFO - 数据集: biomedical
2025-07-22 21:23:41,449 - MedicalClassifier_llama-2-13b-chat-hf_biomedical_base_direct - INFO - 推理模式: 单一推理
2025-07-22 21:23:41,449 - MedicalClassifier_llama-2-13b-chat-hf_biomedical_base_direct - INFO - 准确率：0.1453
2025-07-22 21:23:41,449 - MedicalClassifier_llama-2-13b-chat-hf_biomedical_base_direct - INFO - 错误样本数：6280
2025-07-22 21:23:41,449 - MedicalClassifier_llama-2-13b-chat-hf_biomedical_base_direct - INFO - 总样本数：6600
2025-07-22 21:23:41,449 - MedicalClassifier_llama-2-13b-chat-hf_biomedical_base_direct - INFO - 结果保存到: ./outputs/llama-2-13b-chat-hf_biomedical_base_direct_llama3.1-8b_biomedical_direct_lora_biomedical
